,latitude,longitude,bright_ti4,scan,track,acq_date,acq_time,satellite,instrument,confidence,version,bright_ti5,frp,daynight,type,id,start_time,geometry
0,34.17638,-85.761681,297.01,0.38,0.36,1/1/2020,730,N,VIIRS,n,1,273.81,0.54,N,0,1,1/1/2020 7:30,POINT (-9546946.658495167 3804497.218757419)
1,33.158421,-82.420204,298.81,0.45,0.39,1/1/2020,730,N,VIIRS,n,1,276.61,0.75,N,0,2,1/1/2020 7:30,POINT (-9174975.140357731 3691178.541228989)
2,34.666496,-80.304184,305.5,0.52,0.42,1/1/2020,730,N,VIIRS,n,1,275.71,1.18,N,0,3,1/1/2020 7:30,POINT (-8939420.871449346 3859056.682307056)
3,33.970482,-80.340347,313.38,0.53,0.42,1/1/2020,730,N,VIIRS,n,1,278.01,1.28,N,0,4,1/1/2020 7:30,POINT (-8943446.518194905 3781576.758242066)
4,32.880775,-80.820381,306.06,0.53,0.42,1/1/2020,730,N,VIIRS,n,1,278.21,0.99,N,0,6,1/1/2020 7:30,POINT (-8996883.658638364 3660271.1298882)
5,32.651054,-80.21302,299.8,0.57,0.43,1/1/2020,730,N,VIIRS,n,1,281.39,0.9,N,0,7,1/1/2020 7:30,POINT (-8929272.541390669 3634698.705143678)
6,36.105457,-93.720551,300.25,0.54,0.5,1/1/2020,730,N,VIIRS,n,1,269.98,1.43,N,0,9,1/1/2020 7:30,POINT (-10432924.01418503 4019241.088098435)
7,33.861473,-86.292915,315.65,0.39,0.36,1/1/2020,730,N,VIIRS,n,1,276.18,1.2,N,0,10,1/1/2020 7:30,POINT (-9606083.356867241 3769441.931870181)
8,35.206444,-88.406792,296.26,0.44,0.38,1/1/2020,730,N,VIIRS,n,1,272.78,0.61,N,0,11,1/1/2020 7:30,POINT (-9841399.068106852 3919163.418721901)
9,34.028496,-85.1679,310.79,0.39,0.36,1/1/2020,730,N,VIIRS,n,1,272.96,0.96,N,0,12,1/1/2020 7:30,POINT (-9480847.259932443 3788034.847180947)
10,34.683613,-81.898643,296.23,0.45,0.39,1/1/2020,730,N,VIIRS,n,1,272.56,0.89,N,0,13,1/1/2020 7:30,POINT (-9116915.2354201 3860962.138030964)
11,37.297817,-92.459023,337.46,0.47,0.48,1/1/2020,730,N,VIIRS,n,1,270.84,9,N,0,14,1/1/2020 7:30,POINT (-10292491.35960357 4151973.996140702)
12,34.155838,-81.478844,305.92,0.47,0.4,1/1/2020,730,N,VIIRS,n,1,276.19,1.11,N,0,15,1/1/2020 7:30,POINT (-9070183.424504573 3802210.493777544)
13,36.009022,-91.602608,322.53,0.41,0.45,1/1/2020,730,N,VIIRS,n,1,271.95,2.32,N,0,16,1/1/2020 7:30,POINT (-10197155.67789585 4008505.993003785)
14,32.458481,-96.162987,325.45,0.34,0.56,1/1/2020,731,N,VIIRS,n,1,272.18,2.05,N,0,17,1/1/2020 7:31,POINT (-10704814.74600019 3613261.576843145)
15,31.402905,-86.789742,300.54,0.39,0.36,1/1/2020,731,N,VIIRS,n,1,275.82,0.6,N,0,18,1/1/2020 7:31,POINT (-9661389.885519588 3495755.394029544)
16,30.798836,-83.696877,305.03,0.43,0.38,1/1/2020,731,N,VIIRS,n,1,276.3,1.1,N,0,19,1/1/2020 7:31,POINT (-9317093.728627251 3428510.740545542)
17,30.809576,-84.594444,304.73,0.41,0.37,1/1/2020,731,N,VIIRS,n,1,276.19,0.78,N,0,20,1/1/2020 7:31,POINT (-9417010.430020096 3429706.311876663)
18,30.808241,-85.420036,299.07,0.39,0.36,1/1/2020,731,N,VIIRS,n,1,277.35,0.58,N,0,21,1/1/2020 7:31,POINT (-9508914.911063096 3429557.700356454)
19,31.382523,-86.092049,321.41,0.38,0.36,1/1/2020,731,N,VIIRS,n,1,274.98,1.92,N,0,22,1/1/2020 7:31,POINT (-9583723.056029556 3493486.480168196)
20,32.927727,-83.612518,322.04,0.41,0.37,1/1/2020,731,N,VIIRS,n,1,274.7,1.65,N,0,25,1/1/2020 7:31,POINT (-9307702.927703422 3665497.802619926)
21,30.363194,-85.133362,310.67,0.4,0.37,1/1/2020,731,N,VIIRS,n,1,275.59,1.64,N,0,26,1/1/2020 7:31,POINT (-9477002.507359426 3380015.29493738)
22,31.589054,-84.448097,309.38,0.4,0.37,1/1/2020,731,N,VIIRS,n,1,275.24,1.61,N,0,27,1/1/2020 7:31,POINT (-9400719.156500975 3516477.405921222)
23,32.420277,-84.051636,300.21,0.41,0.37,1/1/2020,731,N,VIIRS,n,1,275.66,1.35,N,0,31,1/1/2020 7:31,POINT (-9356585.319861582 3609008.727016879)
24,32.462986,-101.708656,312.18,0.71,0.75,1/1/2020,731,N,VIIRS,n,1,270.86,3.41,N,0,33,1/1/2020 7:31,POINT (-11322155.79518823 3613763.071149169)
25,32.703674,-94.772797,300.1,0.56,0.52,1/1/2020,731,N,VIIRS,n,1,268.8,1.02,N,0,38,1/1/2020 7:31,POINT (-10550059.50309429 3640556.33674922)
26,30.591612,-91.091148,297.84,0.5,0.41,1/1/2020,731,N,VIIRS,n,1,276.42,0.93,N,0,46,1/1/2020 7:31,POINT (-10140220.21113472 3405442.670385397)
27,32.106579,-86.319427,306.38,0.38,0.36,1/1/2020,731,N,VIIRS,n,1,273.52,1.17,N,0,47,1/1/2020 7:31,POINT (-9609034.65920715 3574088.02539401)
28,31.835232,-83.053383,318.31,0.44,0.38,1/1/2020,731,N,VIIRS,n,1,276.78,2.46,N,0,48,1/1/2020 7:31,POINT (-9245460.304218723 3543881.815525728)
29,31.385183,-89.81498,327.1,0.45,0.39,1/1/2020,731,N,VIIRS,n,1,275.8,3.59,N,0,49,1/1/2020 7:31,POINT (-9998157.839208052 3493782.590013706)
30,31.677877,-90.420029,302.89,0.48,0.4,1/1/2020,731,N,VIIRS,n,1,272.57,1.08,N,0,50,1/1/2020 7:31,POINT (-10065511.58579303 3526365.137051953)
31,30.642141,-90.499931,300.9,0.48,0.4,1/1/2020,731,N,VIIRS,n,1,276.08,0.98,N,0,51,1/1/2020 7:31,POINT (-10074406.23574639 3411067.532935691)
32,32.505756,-85.923065,312.81,0.38,0.36,1/1/2020,731,N,VIIRS,n,1,274.34,1.3,N,0,52,1/1/2020 7:31,POINT (-9564911.843197348 3618524.205770397)
33,31.727451,-82.009819,304.04,0.49,0.4,1/1/2020,731,N,VIIRS,n,1,277.47,1.17,N,0,53,1/1/2020 7:31,POINT (-9129291.291128531 3531883.689488539)
34,30.573074,-89.330093,296.81,0.43,0.38,1/1/2020,731,N,VIIRS,n,1,275.9,0.95,N,0,56,1/1/2020 7:31,POINT (-9944180.465275772 3403379.029665072)
35,33.095531,-86.578087,326.03,0.39,0.36,1/1/2020,731,N,VIIRS,n,1,271.76,2.6,N,0,60,1/1/2020 7:31,POINT (-9637828.558695739 3684177.658453)
36,27.484877,-82.013329,295.72,0.57,0.43,1/1/2020,732,N,VIIRS,n,1,282.01,0.8,N,0,63,1/1/2020 7:32,POINT (-9129682.022541216 3059602.512155757)
37,47.710823,-102.679611,319.34,0.43,0.38,1/1/2020,908,N,VIIRS,n,1,268.72,1.36,N,0,67,1/1/2020 9:08,POINT (-11430242.01137141 5311144.521688005)
38,48.420078,-118.035973,305.96,0.62,0.54,1/1/2020,908,N,VIIRS,n,1,273.84,2.8,N,0,68,1/1/2020 9:08,POINT (-13139704.40964859 5390098.427130588)
39,48.098743,-103.283081,299.13,0.41,0.37,1/1/2020,908,N,VIIRS,n,1,270.03,0.65,N,0,70,1/1/2020 9:08,POINT (-11497419.98448043 5354327.578556532)
40,38.99662,-93.032585,335.28,0.6,0.71,1/1/2020,909,N,VIIRS,n,1,269.23,4.22,N,0,71,1/1/2020 9:09,POINT (-10356339.98938194 4341083.881058788)
41,44.565571,-119.538216,301.68,0.34,0.56,1/1/2020,909,N,VIIRS,n,1,273.03,1.09,N,0,73,1/1/2020 9:09,POINT (-13306933.33545635 4961016.67063148)
42,44.246525,-121.457031,303.75,0.42,0.61,1/1/2020,909,N,VIIRS,n,1,274,0.9,N,0,75,1/1/2020 9:09,POINT (-13520534.84418284 4925500.632371849)
43,41.081902,-106.150764,325.63,0.41,0.37,1/1/2020,910,N,VIIRS,n,1,264.35,3.01,N,0,76,1/1/2020 9:10,POINT (-11816648.99579695 4573216.411459167)
44,37.926437,-95.409416,295.49,0.49,0.65,1/1/2020,910,N,VIIRS,n,1,270.06,0.94,N,0,78,1/1/2020 9:10,POINT (-10620927.60600361 4221951.65444317)
45,37.248539,-112.800362,297.43,0.42,0.38,1/1/2020,911,N,VIIRS,n,1,264.01,0.76,N,0,79,1/1/2020 9:11,POINT (-12556878.85913693 4146488.394273392)
46,37.541431,-120.731407,323.38,0.34,0.56,1/1/2020,911,N,VIIRS,n,1,267.36,1.37,N,0,80,1/1/2020 9:11,POINT (-13439758.74999547 4179092.982570815)
47,31.794052,-103.813667,297.49,0.49,0.49,1/1/2020,912,N,VIIRS,n,1,269.64,0.45,N,0,82,1/1/2020 9:12,POINT (-11556484.54782247 3539297.678894861)
48,31.347078,-103.659447,301.63,0.51,0.5,1/1/2020,912,N,VIIRS,n,1,270.58,0.95,N,0,83,1/1/2020 9:12,POINT (-11539316.85595233 3489540.760817029)
49,33.096775,-116.125374,296.45,0.52,0.41,1/1/2020,912,N,VIIRS,n,1,275.92,0.81,N,0,93,1/1/2020 9:12,POINT (-12927017.50185845 3684316.139899547)
50,48.692085,-119.055786,319.41,0.59,0.53,1/1/2020,1048,N,VIIRS,n,1,271.63,4.17,N,0,110,1/1/2020 10:48,POINT (-13253229.47351295 5420378.107862794)
51,36.464142,-78.613861,326.67,0.62,0.72,1/1/2020,1710,N,VIIRS,n,1,279.58,9.64,D,0,112,1/1/2020 17:10,POINT (-8751254.975813188 4059169.719653619)
52,37.912025,-77.645996,334.32,0.51,0.66,1/1/2020,1710,N,VIIRS,n,1,282.85,3.77,D,0,114,1/1/2020 17:10,POINT (-8643512.736856556 4220347.317941858)
53,30.004108,-82.291534,330.35,0.47,0.4,1/1/2020,1848,N,VIIRS,n,1,291.57,2.8,D,0,122,1/1/2020 18:48,POINT (-9160651.661477359 3340042.024266386)
54,30.074867,-82.763687,334.35,0.45,0.39,1/1/2020,1848,N,VIIRS,n,1,291.24,3.73,D,0,125,1/1/2020 18:48,POINT (-9213211.493013876 3347918.880115427)
55,30.088753,-83.670021,336.31,0.42,0.38,1/1/2020,1848,N,VIIRS,n,1,294.63,4.16,D,0,126,1/1/2020 18:48,POINT (-9314104.132382505 3349464.662564583)
56,33.552811,-82.646271,329.08,0.49,0.4,1/1/2020,1849,N,VIIRS,n,1,284.37,4.48,D,0,138,1/1/2020 18:49,POINT (-9200140.803682892 3735081.835202948)
57,32.77346,-82.879227,328.49,0.47,0.4,1/1/2020,1849,N,VIIRS,n,1,285.19,2.97,D,0,143,1/1/2020 18:49,POINT (-9226073.34698013 3648324.87873372)
58,34.299664,-80.952774,325.58,0.4,0.45,1/1/2020,1849,N,VIIRS,n,1,287.27,2.05,D,0,148,1/1/2020 18:49,POINT (-9011621.579982957 3818221.130860377)
59,31.030622,-83.278458,325.61,0.44,0.38,1/1/2020,1849,N,VIIRS,n,1,287.66,1.88,D,0,152,1/1/2020 18:49,POINT (-9270515.53860902 3454313.040038552)
60,32.063927,-82.531036,330.84,0.48,0.4,1/1/2020,1849,N,VIIRS,n,1,287.79,4,D,0,154,1/1/2020 18:49,POINT (-9187312.90216133 3569340.026472696)
61,31.281338,-82.862198,334.56,0.46,0.39,1/1/2020,1849,N,VIIRS,n,1,291.14,6.49,D,0,160,1/1/2020 18:49,POINT (-9224177.687371412 3482222.617492279)
62,34.501598,-78.094017,342.25,0.59,0.53,1/1/2020,1849,N,VIIRS,n,1,288.5,9.55,D,0,162,1/1/2020 18:49,POINT (-8693386.20644125 3840700.320914226)
63,34.000061,-79.734657,333.81,0.47,0.48,1/1/2020,1849,N,VIIRS,n,1,287.5,3.35,D,0,163,1/1/2020 18:49,POINT (-8876021.415816326 3784869.47746024)
64,34.420025,-84.555374,325.85,0.43,0.38,1/1/2020,1849,N,VIIRS,n,1,279.03,2.35,D,0,165,1/1/2020 18:49,POINT (-9412661.177514803 3831619.656091747)
65,37.041393,-78.00853,338.63,0.63,0.54,1/1/2020,1850,N,VIIRS,n,1,284.38,7.93,D,0,172,1/1/2020 18:50,POINT (-8683869.837131806 4123429.007033528)
66,36.785618,-88.641365,326.72,0.39,0.36,1/1/2020,1850,N,VIIRS,n,1,285.57,2.13,D,0,173,1/1/2020 18:50,POINT (-9867511.615020704 4094956.264275879)
67,37.747612,-83.182762,334.71,0.52,0.41,1/1/2020,1850,N,VIIRS,n,1,282.89,2.88,D,0,174,1/1/2020 18:50,POINT (-9259862.708618065 4202044.946502062)
68,37.289558,-82.757202,332.1,0.53,0.42,1/1/2020,1850,N,VIIRS,n,1,284.06,8.31,D,0,175,1/1/2020 18:50,POINT (-9212489.586116083 4151054.608466241)
69,34.961704,-82.338722,328.8,0.53,0.42,1/1/2020,1850,N,VIIRS,n,1,286.56,3.62,D,0,176,1/1/2020 18:50,POINT (-9165904.605608912 3891919.086545155)
70,36.23774,-94.271538,339.22,0.4,0.44,1/1/2020,1850,N,VIIRS,n,1,284.14,5.19,D,0,179,1/1/2020 18:50,POINT (-10494259.60645874 4033966.764299042)
71,37.431862,-87.135689,326.82,0.39,0.36,1/1/2020,1850,N,VIIRS,n,1,284.53,2.14,D,0,180,1/1/2020 18:50,POINT (-9699900.529401049 4166895.817284087)
72,35.69458,-79.707436,347.67,0.49,0.49,1/1/2020,1850,N,VIIRS,n,1,271.98,8.35,D,0,181,1/1/2020 18:50,POINT (-8872991.187957443 3973502.469679767)
73,36.676052,-91.235764,326.28,0.44,0.38,1/1/2020,1850,N,VIIRS,n,1,285.11,2.62,D,0,183,1/1/2020 18:50,POINT (-10156318.79061528 4082759.432947623)
74,37.140308,-86.373451,329.51,0.4,0.37,1/1/2020,1850,N,VIIRS,n,1,285.08,2.52,D,0,184,1/1/2020 18:50,POINT (-9615048.583377765 4134440.174465346)
75,38.444878,-92.106491,329.07,0.44,0.39,1/1/2020,1851,N,VIIRS,n,1,285.04,2.55,D,0,186,1/1/2020 18:51,POINT (-10253247.67687524 4279664.242569526)
76,39.510075,-84.405121,326.89,0.48,0.4,1/1/2020,1851,N,VIIRS,n,1,290.27,42.19,D,0,188,1/1/2020 18:51,POINT (-9395935.090064641 4398241.430204049)
77,38.936295,-88.337753,328.22,0.38,0.36,1/1/2020,1851,N,VIIRS,n,1,283.77,1.97,D,0,190,1/1/2020 18:51,POINT (-9833713.681781976 4334368.532776684)
78,39.151329,-85.276787,328.82,0.44,0.39,1/1/2020,1851,N,VIIRS,n,1,281.49,3.31,D,0,191,1/1/2020 18:51,POINT (-9492968.505326452 4358306.008159924)
79,38.729134,-81.983871,338.15,0.4,0.44,1/1/2020,1851,N,VIIRS,n,1,283.09,4.59,D,0,192,1/1/2020 18:51,POINT (-9126402.772981428 4311307.475744458)
80,37.580135,-90.61367,332.02,0.41,0.37,1/1/2020,1851,N,VIIRS,n,1,284.7,5.35,D,0,194,1/1/2020 18:51,POINT (-10087067.60330973 4183401.492142478)
81,39.247059,-91.00058,327.52,0.41,0.37,1/1/2020,1851,N,VIIRS,n,1,283.98,4.9,D,0,197,1/1/2020 18:51,POINT (-10130138.22749256 4368962.623013564)
82,41.694786,-90.853546,328.14,0.39,0.36,1/1/2020,1852,N,VIIRS,n,1,278.96,4.92,D,0,198,1/1/2020 18:52,POINT (-10113770.47748326 4641442.346254512)
83,41.255161,-96.213074,325.31,0.39,0.44,1/1/2020,1852,N,VIIRS,n,1,274.72,3.12,D,0,199,1/1/2020 18:52,POINT (-10710390.40533555 4592503.515114519)
84,36.421799,-119.821152,329.55,0.4,0.44,1/1/2020,2032,N,VIIRS,n,1,286.4,2.81,D,0,200,1/1/2020 20:32,POINT (-13338429.62690343 4054456.118454961)
85,38.203739,-120.584625,339.51,0.4,0.44,1/1/2020,2032,N,VIIRS,n,1,287.7,5.3,D,0,201,1/1/2020 20:32,POINT (-13423419.05249785 4252820.771879126)
86,46.600636,-112.655296,342.8,0.45,0.39,1/1/2020,2034,N,VIIRS,n,1,271.78,6.86,D,0,204,1/1/2020 20:34,POINT (-12540730.18588551 5187559.070162693)
87,46.201653,-118.83326,332.24,0.4,0.37,1/1/2020,2035,N,VIIRS,n,1,285.48,7.4,D,0,206,1/1/2020 20:35,POINT (-13228457.99250468 5143144.48576752)
88,46.420921,-120.208595,328.34,0.43,0.38,1/1/2020,2035,N,VIIRS,n,1,283.37,2.16,D,0,209,1/1/2020 20:35,POINT (-13381559.58437485 5167553.28787478)
89,48.305561,-119.644806,327.3,0.4,0.37,1/1/2020,2035,N,VIIRS,n,1,274.76,2.02,D,0,210,1/1/2020 20:35,POINT (-13318798.87998 5377350.453003414)
90,39.521584,-80.586838,306.24,0.39,0.36,1/2/2020,710,N,VIIRS,n,1,270.47,0.84,N,0,211,1/2/2020 7:10,POINT (-8970885.770800028 4399522.606223589)
91,33.091015,-81.400185,297.69,0.38,0.36,1/2/2020,712,N,VIIRS,n,1,276.01,0.51,N,0,213,1/2/2020 7:12,POINT (-9061427.144678265 3683674.939632578)
92,28.393682,-82.340828,300.45,0.38,0.36,1/2/2020,713,N,VIIRS,n,1,281.13,0.73,N,0,214,1/2/2020 7:13,POINT (-9166139.044456523 3160770.221986138)
93,41.285748,-104.602325,323,0.39,0.36,1/2/2020,851,N,VIIRS,n,1,265.51,2.56,N,0,215,1/2/2020 8:51,POINT (-11644277.55479251 4595908.444379413)
94,39.527725,-121.347,295.8,0.68,0.74,1/2/2020,852,N,VIIRS,n,1,274.86,0.88,N,0,216,1/2/2020 8:52,POINT (-13508286.24929137 4400206.219216549)
95,36.684643,-119.15152,309.01,0.5,0.66,1/2/2020,852,N,VIIRS,n,1,275.91,2.41,N,0,217,1/2/2020 8:52,POINT (-13263886.53364455 4083715.778693028)
96,26.479557,-80.803749,340.43,0.39,0.36,1/2/2020,1828,N,VIIRS,n,1,298.17,118.59,D,0,253,1/2/2020 18:28,POINT (-8995032.192867488 2947690.801671463)
97,27.263657,-80.901619,333.67,0.38,0.36,1/2/2020,1828,N,VIIRS,n,1,296.03,5.65,D,0,260,1/2/2020 18:28,POINT (-9005927.031431425 3034976.414402469)
98,26.84074,-81.865807,335.04,0.4,0.37,1/2/2020,1828,N,VIIRS,n,1,284.69,3.81,D,0,266,1/2/2020 18:28,POINT (-9113259.948620411 2987897.50931465)
99,28.351721,-81.248398,331.49,0.38,0.36,1/2/2020,1829,N,VIIRS,n,1,293.98,1.74,D,0,278,1/2/2020 18:29,POINT (-9044530.293129226 3156099.144832961)
100,27.370848,-81.600334,338.08,0.39,0.36,1/2/2020,1829,N,VIIRS,n,1,297.08,4.82,D,0,279,1/2/2020 18:29,POINT (-9083707.629441049 3046908.86194009)
101,27.596539,-82.114532,345.26,0.4,0.37,1/2/2020,1829,N,VIIRS,n,1,285.56,9.64,D,0,295,1/2/2020 18:29,POINT (-9140947.888967969 3072032.669136715)
102,27.720047,-80.885292,344.77,0.38,0.36,1/2/2020,1829,N,VIIRS,n,1,302.65,34.27,D,0,336,1/2/2020 18:29,POINT (-9004109.518105244 3085781.51680561)
103,31.477652,-82.437805,336.42,0.39,0.36,1/2/2020,1830,N,VIIRS,n,1,291.78,4.32,D,0,372,1/2/2020 18:30,POINT (-9176934.474715183 3504076.19200787)
104,41.18943,-83.237366,327.63,0.39,0.36,1/2/2020,1832,N,VIIRS,n,1,268.78,2.36,D,0,376,1/2/2020 18:32,POINT (-9265941.198093344 4585186.373665186)
105,41.41177,-94.242325,328.22,0.52,0.5,1/2/2020,1833,N,VIIRS,n,1,279.19,4.13,D,0,377,1/2/2020 18:33,POINT (-10491007.6301742 4609937.149248163)
106,41.895985,-84.996216,325.83,0.38,0.36,1/2/2020,1833,N,VIIRS,n,1,277.23,1.32,D,0,379,1/2/2020 18:33,POINT (-9461735.484475093 4663839.716482627)
107,42.531151,-85.439583,326.84,0.38,0.36,1/2/2020,1833,N,VIIRS,n,1,274.58,1.94,D,0,381,1/2/2020 18:33,POINT (-9511090.873149632 4734546.072171829)
108,32.685715,-115.614014,330.61,0.51,0.49,1/2/2020,2012,N,VIIRS,n,1,297.03,3.4,D,0,382,1/2/2020 20:12,POINT (-12870093.1670464 3638557.150014064)
109,37.406868,-108.331375,342.79,0.39,0.36,1/2/2020,2013,N,VIIRS,n,1,272.7,5.17,D,0,385,1/2/2020 20:13,POINT (-12059393.50193517 4164113.497931199)
110,39.062035,-122.946587,329.11,0.44,0.62,1/2/2020,2014,N,VIIRS,n,1,286.18,5.51,D,0,386,1/2/2020 20:14,POINT (-13686351.45961091 4348365.845549029)
111,41.24094,-92.876732,338.8,0.68,0.74,1/2/2020,2014,N,VIIRS,n,1,281.15,5.08,D,0,387,1/2/2020 20:14,POINT (-10338990.51278334 4590920.440635948)
112,39.625374,-122.608315,332.69,0.41,0.6,1/2/2020,2014,N,VIIRS,n,1,286.44,3.04,D,0,388,1/2/2020 20:14,POINT (-13648695.19282128 4411076.456173022)
113,42.979786,-123.043343,331.15,0.35,0.56,1/2/2020,2015,N,VIIRS,n,1,276.69,3.28,D,0,389,1/2/2020 20:15,POINT (-13697122.2882621 4784487.891923868)
114,47.380398,-117.556404,328.52,0.48,0.4,1/2/2020,2016,N,VIIRS,n,1,275,22.04,D,0,391,1/2/2020 20:16,POINT (-13086319.03276835 5274361.778942637)
115,47.324158,-116.762306,343.84,0.45,0.39,1/2/2020,2016,N,VIIRS,n,1,277.83,18.66,D,0,401,1/2/2020 20:16,POINT (-12997920.44776839 5268101.170780424)
116,41.026718,-122.439323,347.81,0.41,0.61,1/2/2020,2155,N,VIIRS,n,1,282.11,5.41,D,0,404,1/2/2020 21:55,POINT (-13629883.08943315 4567073.356679232)
117,39.081978,-122.181213,348.25,0.41,0.61,1/2/2020,2155,N,VIIRS,n,1,285.65,4,D,0,406,1/2/2020 21:55,POINT (-13601150.4156645 4350585.89015392)
118,42.076817,-121.209564,325.26,0.49,0.65,1/2/2020,2155,N,VIIRS,n,1,280.11,3.01,D,0,408,1/2/2020 21:55,POINT (-13492986.9437547 4683969.842641757)
119,32.127296,-80.85775,301.67,0.49,0.4,1/3/2020,653,N,VIIRS,n,1,287.79,1.31,N,0,410,1/3/2020 6:53,POINT (-9001043.556689816 3576394.231284775)
120,32.178959,-81.874893,310.1,0.54,0.42,1/3/2020,653,N,VIIRS,n,1,282.7,1.84,N,0,411,1/3/2020 6:53,POINT (-9114271.397513758 3582145.330137629)
121,47.710487,-102.676315,310.24,0.51,0.41,1/3/2020,830,N,VIIRS,n,1,267.59,1.2,N,0,417,1/3/2020 8:30,POINT (-11429875.10232976 5311107.118339098)
122,33.861069,-86.290215,296.07,0.61,0.71,1/3/2020,833,N,VIIRS,n,1,281.83,0.56,N,0,419,1/3/2020 8:33,POINT (-9605782.794242097 3769396.958795901)
123,31.337877,-97.114441,302.81,0.53,0.42,1/3/2020,834,N,VIIRS,n,1,278.33,1.34,N,0,420,1/3/2020 8:34,POINT (-10810730.12079341 3488516.51018224)
124,30.744448,-96.66172,295.29,0.38,0.44,1/3/2020,834,N,VIIRS,n,1,279.55,0.38,N,0,421,1/3/2020 8:34,POINT (-10760333.44960199 3422456.296080278)
125,33.7048,-114.22113,298.82,0.47,0.64,1/3/2020,834,N,VIIRS,n,1,275.05,0.66,N,0,422,1/3/2020 8:34,POINT (-12715038.0294323 3752001.173289127)
126,28.655113,-98.206238,299.78,0.52,0.42,1/3/2020,835,N,VIIRS,n,1,280.22,0.67,N,0,423,1/3/2020 8:35,POINT (-10932268.40688303 3189872.587783714)
127,29.245514,-98.290764,300.47,0.51,0.41,1/3/2020,835,N,VIIRS,n,1,274.03,1.14,N,0,424,1/3/2020 8:35,POINT (-10941677.79816183 3255595.726467554)
128,29.381704,-97.273735,299.58,0.57,0.43,1/3/2020,835,N,VIIRS,n,1,280.26,0.58,N,0,427,1/3/2020 8:35,POINT (-10828462.64775983 3270756.327918689)
129,47.864964,-103.480453,320.44,0.55,0.68,1/3/2020,1010,N,VIIRS,n,1,262.62,2.32,N,0,430,1/3/2020 10:10,POINT (-11519391.33501728 5328303.419318371)
130,37.518616,-119.901215,305.11,0.55,0.43,1/3/2020,1014,N,VIIRS,n,1,261.78,1.08,N,0,437,1/3/2020 10:14,POINT (-13347342.19929481 4176553.228388365)
131,29.457352,-81.655174,336.93,0.55,0.43,1/3/2020,1810,N,VIIRS,n,1,294.92,4.73,D,0,445,1/3/2020 18:10,POINT (-9089812.390316151 3279177.424758219)
132,26.969915,-80.470009,334.34,0.53,0.42,1/3/2020,1810,N,VIIRS,n,1,300.63,14.79,D,0,456,1/3/2020 18:10,POINT (-8957880.426010141 3002277.204537871)
133,32.721035,-80.769981,342.16,0.45,0.39,1/3/2020,1811,N,VIIRS,n,1,294.7,3.82,D,0,468,1/3/2020 18:11,POINT (-8991273.156302381 3642488.954428882)
134,34.756935,-76.647041,329.89,0.39,0.36,1/3/2020,1812,N,VIIRS,n,1,288.98,5.29,D,0,470,1/3/2020 18:12,POINT (-8532309.574931163 3869124.305734908)
135,35.507832,-94.612602,330.22,0.67,0.74,1/3/2020,1813,N,VIIRS,n,1,279.95,4.4,D,0,471,1/3/2020 18:13,POINT (-10532226.67726666 3952713.777413105)
136,29.340525,-95.838463,356.59,0.4,0.44,1/3/2020,1951,N,VIIRS,n,1,296.97,9.74,D,0,474,1/3/2020 19:51,POINT (-10668688.89956999 3266172.302607313)
137,28.701193,-96.52916,336.45,0.54,0.42,1/3/2020,1951,N,VIIRS,n,1,294.53,4.94,D,0,477,1/3/2020 19:51,POINT (-10745576.93790243 3195002.189919468)
138,26.280136,-97.867805,333.91,0.44,0.39,1/3/2020,1951,N,VIIRS,n,1,294.01,7.77,D,0,479,1/3/2020 19:51,POINT (-10894594.21765539 2925491.357497977)
139,28.964579,-99.260452,329.8,0.42,0.38,1/3/2020,1951,N,VIIRS,n,1,296.98,2.22,D,0,485,1/3/2020 19:51,POINT (-11049622.97255017 3224322.185321545)
140,33.073071,-99.014839,326.1,0.46,0.39,1/3/2020,1952,N,VIIRS,n,1,289.89,3.12,D,0,488,1/3/2020 19:52,POINT (-11022281.45845797 3681677.422689783)
141,32.524933,-96.369003,337.26,0.41,0.45,1/3/2020,1952,N,VIIRS,n,1,289.39,3.67,D,0,490,1/3/2020 19:52,POINT (-10727748.34221545 3620658.97964534)
142,31.619848,-101.50116,327.44,0.39,0.36,1/3/2020,1952,N,VIIRS,n,1,291.3,1.56,D,0,493,1/3/2020 19:52,POINT (-11299057.44612659 3519905.378320709)
143,29.957142,-98.734192,330.32,0.44,0.39,1/3/2020,1952,N,VIIRS,n,1,293.15,2.33,D,0,495,1/3/2020 19:52,POINT (-10991039.97732531 3334813.793061789)
144,32.415051,-94.270363,331.01,0.53,0.5,1/3/2020,1952,N,VIIRS,n,1,287.96,3.37,D,0,497,1/3/2020 19:52,POINT (-10494128.80605706 3608426.971357993)
145,32.465233,-101.710884,344.3,0.39,0.36,1/3/2020,1952,N,VIIRS,n,1,298.12,7.64,D,0,499,1/3/2020 19:52,POINT (-11322403.81501372 3614013.206044982)
146,31.366922,-103.292999,339.39,0.39,0.36,1/3/2020,1952,N,VIIRS,n,1,287.85,2.96,D,0,500,1/3/2020 19:52,POINT (-11498524.05119012 3491749.78479233)
147,31.147667,-94.454803,328.46,0.5,0.49,1/3/2020,1952,N,VIIRS,n,1,289.48,3.48,D,0,501,1/3/2020 19:52,POINT (-10514660.57293897 3467342.429838451)
148,32.216602,-106.716347,335.71,0.48,0.4,1/3/2020,1953,N,VIIRS,n,1,290.81,6.58,D,0,503,1/3/2020 19:53,POINT (-11879609.40735829 3586335.729729559)
149,34.755573,-98.296288,346.36,0.52,0.41,1/3/2020,1953,N,VIIRS,n,1,290.94,12.18,D,0,505,1/3/2020 19:53,POINT (-10942292.72702897 3868972.688588448)
150,34.633152,-99.865768,337.75,0.45,0.39,1/3/2020,1953,N,VIIRS,n,1,290.62,4.22,D,0,519,1/3/2020 19:53,POINT (-11117006.44143919 3855344.845206045)
151,39.783215,-93.201172,348.82,0.36,0.57,1/3/2020,1954,N,VIIRS,n,1,280.11,4.74,D,0,520,1/3/2020 19:54,POINT (-10375107.00837631 4428647.235919324)
152,39.110199,-105.264679,329.13,0.39,0.36,1/3/2020,1954,N,VIIRS,n,1,274.23,3.11,D,0,522,1/3/2020 19:54,POINT (-11718010.4647974 4353727.437503598)
153,37.888893,-96.963745,325.91,0.44,0.46,1/3/2020,1954,N,VIIRS,n,1,282.96,3.77,D,0,523,1/3/2020 19:54,POINT (-10793954.71880882 4217772.275480827)
154,37.426044,-95.715675,331.68,0.5,0.49,1/3/2020,1954,N,VIIRS,n,1,284.3,2.57,D,0,525,1/3/2020 19:54,POINT (-10655020.20193447 4166248.160486652)
155,36.040989,-119.337082,333.1,0.6,0.71,1/3/2020,1954,N,VIIRS,n,1,284.79,4.79,D,0,526,1/3/2020 19:54,POINT (-13284543.20099514 4012064.543165974)
156,45.691795,-121.477524,353.41,0.4,0.6,1/3/2020,1957,N,VIIRS,n,1,285.22,28.3,D,0,531,1/3/2020 19:57,POINT (-13522816.11450767 5086387.352830643)
157,35.082695,-120.522499,329.98,0.51,0.49,1/3/2020,2134,N,VIIRS,n,1,290.83,2.44,D,0,538,1/3/2020 21:34,POINT (-13416503.21781282 3905387.743055725)
158,35.226658,-118.51075,346.72,0.33,0.55,1/3/2020,2134,N,VIIRS,n,1,293.17,4.86,D,0,539,1/3/2020 21:34,POINT (-13192556.34352894 3921413.630908797)
159,42.252003,-122.454102,339.66,0.48,0.48,1/3/2020,2136,N,VIIRS,n,1,272.9,6.69,D,0,553,1/3/2020 21:36,POINT (-13631528.28018758 4703471.458955868)
160,42.326908,-120.102661,328.6,0.64,0.54,1/3/2020,2136,N,VIIRS,n,1,268.12,5.05,D,0,554,1/3/2020 21:36,POINT (-13369767.06543716 4711809.845413737)
161,40.630627,-122.817497,335.54,0.44,0.46,1/3/2020,2136,N,VIIRS,n,1,273.11,6.44,D,0,557,1/3/2020 21:36,POINT (-13671981.2265444 4522980.708251433)
162,42.627934,-124.086548,354.35,0.4,0.45,1/3/2020,2137,N,VIIRS,n,1,265.21,7.15,D,0,559,1/3/2020 21:37,POINT (-13813251.3376551 4745319.906449274)
163,48.215549,-118.808273,333.21,0.41,0.6,1/3/2020,2138,N,VIIRS,n,1,276.19,3.69,D,0,560,1/3/2020 21:38,POINT (-13225676.45238823 5367330.362998131)
164,42.380756,-105.387199,310.55,0.33,0.55,1/4/2020,813,N,VIIRS,n,1,270.58,0.93,N,0,563,1/4/2020 8:13,POINT (-11731649.32880939 4717804.177353974)
165,37.72147,-91.17907,296,0.48,0.4,1/4/2020,813,N,VIIRS,n,1,270.92,0.66,N,0,564,1/4/2020 8:13,POINT (-10150007.64340425 4199134.832373746)
166,35.16761,-91.77327,313.46,0.49,0.41,1/4/2020,814,N,VIIRS,n,1,275.83,1.54,N,0,565,1/4/2020 8:14,POINT (-10216153.68483361 3914840.437616435)
167,35.643993,-89.94529,298.4,0.39,0.44,1/4/2020,814,N,VIIRS,n,1,271.71,1,N,0,566,1/4/2020 8:14,POINT (-10012663.88205332 3967871.150599008)
168,33.864471,-101.840858,298.85,0.53,0.42,1/4/2020,815,N,VIIRS,n,1,270.3,1.03,N,0,567,1/4/2020 8:15,POINT (-11336872.45451008 3769775.66770358)
169,32.224636,-103.581108,298.04,0.41,0.45,1/4/2020,815,N,VIIRS,n,1,272.35,0.36,N,0,570,1/4/2020 8:15,POINT (-11530596.19836308 3587230.070518592)
170,31.104807,-96.007477,300.4,0.4,0.37,1/4/2020,815,N,VIIRS,n,1,275.52,0.56,N,0,582,1/4/2020 8:15,POINT (-10687503.45198692 3462571.276463051)
171,31.931725,-94.833282,323.99,0.42,0.38,1/4/2020,815,N,VIIRS,n,1,278.53,2.58,N,0,585,1/4/2020 8:15,POINT (-10556792.66249492 3554623.367150844)
172,33.96479,-94.172462,299.58,0.42,0.38,1/4/2020,815,N,VIIRS,n,1,273.91,0.79,N,0,595,1/4/2020 8:15,POINT (-10483230.5165889 3780943.12770047)
173,32.637619,-104.478943,303.9,0.47,0.48,1/4/2020,815,N,VIIRS,n,1,270.65,0.98,N,0,597,1/4/2020 8:15,POINT (-11630542.73337946 3633203.127784871)
174,34.767075,-96.696297,301.44,0.38,0.36,1/4/2020,815,N,VIIRS,n,1,274.63,0.69,N,0,598,1/4/2020 8:15,POINT (-10764182.54363515 3870253.085371552)
175,34.812832,-97.786278,302.8,0.39,0.36,1/4/2020,815,N,VIIRS,n,1,272.38,0.54,N,0,599,1/4/2020 8:15,POINT (-10885518.67352949 3875346.731311779)
176,30.260897,-93.284309,300.26,0.5,0.41,1/4/2020,816,N,VIIRS,n,1,281.99,0.53,N,0,601,1/4/2020 8:16,POINT (-10384361.77688239 3368627.6449877)
177,31.693943,-103.84433,308,0.42,0.45,1/4/2020,816,N,VIIRS,n,1,272.58,1.22,N,0,602,1/4/2020 8:16,POINT (-11559897.93736866 3528153.595991037)
178,29.700949,-95.250374,298.38,0.43,0.38,1/4/2020,816,N,VIIRS,n,1,280.62,0.4,N,0,604,1/4/2020 8:16,POINT (-10603223.13154886 3306294.518756988)
179,29.850262,-96.835526,299.34,0.39,0.36,1/4/2020,816,N,VIIRS,n,1,281.35,0.71,N,0,609,1/4/2020 8:16,POINT (-10779681.4450188 3322915.965885804)
180,30.659889,-95.648338,301.2,0.41,0.37,1/4/2020,816,N,VIIRS,n,1,276.36,0.94,N,0,610,1/4/2020 8:16,POINT (-10647524.28138292 3413043.23125829)
181,27.883984,-97.270332,299.25,0.39,0.36,1/4/2020,816,N,VIIRS,n,1,280.37,0.69,N,0,629,1/4/2020 8:16,POINT (-10828083.82753266 3104030.900167788)
182,31.202196,-101.278435,303.84,0.47,0.39,1/4/2020,816,N,VIIRS,n,1,273.46,0.79,N,0,632,1/4/2020 8:16,POINT (-11274263.81253966 3473412.570351917)
183,30.009464,-93.970795,299.18,0.47,0.4,1/4/2020,816,N,VIIRS,n,1,281.68,0.86,N,0,646,1/4/2020 8:16,POINT (-10460781.0488391 3340638.251459075)
184,36.930172,-120.179253,317.76,0.39,0.36,1/4/2020,955,N,VIIRS,n,1,273.12,1.6,N,0,648,1/4/2020 9:55,POINT (-13378293.247876 4111047.941948009)
185,39.774529,-120.266724,326.39,0.38,0.36,1/4/2020,955,N,VIIRS,n,1,275.27,2.07,N,0,650,1/4/2020 9:55,POINT (-13388030.47505517 4427680.314822293)
186,27.461842,-80.521523,367,0.32,0.55,1/4/2020,1751,N,VIIRS,h,1,293.98,6.34,D,0,651,1/4/2020 17:51,POINT (-8963614.938258868 3057038.267685333)
187,29.852917,-91.921112,349.26,0.55,0.43,1/4/2020,1932,N,VIIRS,n,1,294.09,22.7,D,0,659,1/4/2020 19:32,POINT (-10232611.38099147 3323211.519133859)
188,29.58547,-94.342384,331.54,0.43,0.38,1/4/2020,1932,N,VIIRS,n,1,290.21,3.38,D,0,661,1/4/2020 19:32,POINT (-10502146.14710348 3293439.455279671)
189,27.30971,-98.742477,340.08,0.42,0.37,1/4/2020,1932,N,VIIRS,n,1,299.73,3.77,D,0,683,1/4/2020 19:32,POINT (-10991962.25930653 3040103.010911971)
190,26.392826,-98.867714,332.19,0.43,0.38,1/4/2020,1932,N,VIIRS,n,1,299.99,1.44,D,0,685,1/4/2020 19:32,POINT (-11005903.57837501 2938035.950915471)
191,27.931808,-98.020271,344.05,0.4,0.37,1/4/2020,1932,N,VIIRS,n,1,300.1,6.8,D,0,686,1/4/2020 19:32,POINT (-10911566.65513868 3109354.643495485)
192,28.447977,-100.313019,342.12,0.46,0.39,1/4/2020,1932,N,VIIRS,n,1,301.1,3.92,D,0,698,1/4/2020 19:32,POINT (-11166794.19501598 3166814.313738759)
193,31.729971,-99.138489,335.02,0.4,0.37,1/4/2020,1933,N,VIIRS,n,1,295.09,4.14,D,0,702,1/4/2020 19:33,POINT (-11036046.11349455 3532164.214605338)
194,31.33271,-99.586983,337.52,0.41,0.37,1/4/2020,1933,N,VIIRS,n,1,302.37,11.51,D,0,703,1/4/2020 19:33,POINT (-11085972.23719839 3487941.322373311)
195,32.189217,-95.264931,338.52,0.42,0.38,1/4/2020,1933,N,VIIRS,n,1,294.29,8.64,D,0,705,1/4/2020 19:33,POINT (-10604843.60937634 3583287.245474185)
196,30.477325,-98.296997,325.29,0.39,0.36,1/4/2020,1933,N,VIIRS,l,1,295.74,1.21,D,0,708,1/4/2020 19:33,POINT (-10942371.65254794 3392720.299741107)
197,32.307827,-99.3806,353.2,0.4,0.37,1/4/2020,1933,N,VIIRS,n,1,300.41,14.45,D,0,712,1/4/2020 19:33,POINT (-11062997.78673 3596490.850277176)
198,32.728767,-95.857529,352.3,0.41,0.37,1/4/2020,1933,N,VIIRS,n,1,294.73,11.01,D,0,720,1/4/2020 19:33,POINT (-10670811.31698146 3643349.676731695)
199,32.005608,-98.198128,329.29,0.39,0.36,1/4/2020,1933,N,VIIRS,n,1,293.91,2.02,D,0,722,1/4/2020 19:33,POINT (-10931365.6058127 3562847.985089123)
200,31.322012,-97.773926,330.96,0.38,0.36,1/4/2020,1933,N,VIIRS,n,1,295.19,4.87,D,0,740,1/4/2020 19:33,POINT (-10884143.65517921 3486750.426460804)
201,32.309338,-97.336487,326.82,0.39,0.36,1/4/2020,1933,N,VIIRS,n,1,290.94,1.59,D,0,743,1/4/2020 19:33,POINT (-10835448.16844609 3596659.054027764)
202,28.929373,-100.58139,333.68,0.47,0.4,1/4/2020,1933,N,VIIRS,n,1,299.52,2.33,D,0,745,1/4/2020 19:33,POINT (-11196669.11807966 3220403.071328676)
203,31.662729,-97.178413,330.4,0.39,0.36,1/4/2020,1933,N,VIIRS,n,1,296.02,2.43,D,0,748,1/4/2020 19:33,POINT (-10817851.45125844 3524678.869405416)
204,31.996264,-96.221893,330.38,0.4,0.37,1/4/2020,1933,N,VIIRS,n,1,291.28,3.05,D,0,749,1/4/2020 19:33,POINT (-10711372.13192486 3561807.81576715)
205,31.572697,-95.169411,353.49,0.42,0.37,1/4/2020,1933,N,VIIRS,n,1,293.9,10.26,D,0,765,1/4/2020 19:33,POINT (-10594210.37161577 3514656.553010316)
206,30.71133,-97.843201,334.69,0.39,0.36,1/4/2020,1933,N,VIIRS,n,1,296.84,2.56,D,0,782,1/4/2020 19:33,POINT (-10891855.31290392 3418769.617184187)
207,34.745213,-95.969421,334.65,0.42,0.38,1/4/2020,1934,N,VIIRS,n,1,286.61,3.47,D,0,794,1/4/2020 19:34,POINT (-10683267.07744529 3867819.418663829)
208,35.140335,-97.383789,328.82,0.39,0.36,1/4/2020,1934,N,VIIRS,n,1,285.29,1.28,D,0,795,1/4/2020 19:34,POINT (-10840713.8029996 3911804.19850505)
209,35.205639,-94.532463,330.06,0.47,0.4,1/4/2020,1934,N,VIIRS,n,1,285.78,3.26,D,0,796,1/4/2020 19:34,POINT (-10523305.64459397 3919073.806531813)
210,36.479919,-97.878426,325.85,0.39,0.36,1/4/2020,1934,N,VIIRS,n,1,285.63,7.02,D,0,797,1/4/2020 19:34,POINT (-10895776.54196711 4060926.007259866)
211,35.588234,-95.349243,329.09,0.45,0.39,1/4/2020,1934,N,VIIRS,n,1,286.02,3.93,D,0,799,1/4/2020 19:34,POINT (-10614229.1782841 3961664.087111866)
212,35.799011,-97.764496,327.51,0.39,0.36,1/4/2020,1934,N,VIIRS,n,1,284.45,3.2,D,0,800,1/4/2020 19:34,POINT (-10883093.91238103 3985127.675422799)
213,35.917999,-94.016289,330.94,0.51,0.41,1/4/2020,1934,N,VIIRS,n,1,283.06,6.47,D,0,802,1/4/2020 19:34,POINT (-10465845.41775325 3998373.358993309)
214,35.367725,-98.599892,333.53,0.38,0.36,1/4/2020,1934,N,VIIRS,n,1,285.84,3.87,D,0,807,1/4/2020 19:34,POINT (-10976089.76971177 3937117.137516532)
215,35.841877,-98.603348,340.49,0.38,0.36,1/4/2020,1934,N,VIIRS,n,1,287.33,4.52,D,0,814,1/4/2020 19:34,POINT (-10976474.48987195 3989899.496715144)
216,34.542313,-92.937691,330.8,0.55,0.43,1/4/2020,1934,N,VIIRS,n,1,285.65,3.54,D,0,816,1/4/2020 19:34,POINT (-10345776.4376226 3845232.693981874)
217,33.9468,-98.538055,341.65,0.38,0.36,1/4/2020,1934,N,VIIRS,n,1,291.41,4.01,D,0,817,1/4/2020 19:34,POINT (-10969206.10635958 3778940.4900611)
218,34.47382,-99.096107,331.67,0.39,0.36,1/4/2020,1934,N,VIIRS,n,1,292.91,2.35,D,0,818,1/4/2020 19:34,POINT (-11031328.17083575 3837608.088098971)
219,33.354523,-94.975403,331.06,0.44,0.38,1/4/2020,1934,N,VIIRS,n,1,289.97,3.07,D,0,821,1/4/2020 19:34,POINT (-10572613.49984595 3713008.516012532)
220,35.491989,-92.567322,345.35,0.39,0.44,1/4/2020,1934,N,VIIRS,n,1,285.8,5.41,D,0,823,1/4/2020 19:34,POINT (-10304547.14913699 3950950.142720467)
221,33.993874,-97.569595,329.64,0.39,0.36,1/4/2020,1934,N,VIIRS,n,1,289.71,4.86,D,0,824,1/4/2020 19:34,POINT (-10861397.63230593 3784180.743770701)
222,34.962231,-99.37896,331.42,0.39,0.36,1/4/2020,1934,N,VIIRS,n,1,289.67,3.49,D,0,825,1/4/2020 19:34,POINT (-11062815.2227651 3891977.751916804)
223,34.26577,-96.611267,329.01,0.4,0.37,1/4/2020,1934,N,VIIRS,n,1,285.34,2.09,D,0,826,1/4/2020 19:34,POINT (-10754717.04733299 3814448.06803943)
224,33.342335,-97.833221,329.22,0.38,0.36,1/4/2020,1934,N,VIIRS,n,1,290.34,2.81,D,0,827,1/4/2020 19:34,POINT (-10890744.3443858 3711651.754058742)
225,32.645424,-100.214928,350.53,0.41,0.37,1/4/2020,1934,N,VIIRS,n,1,301.06,10.89,D,0,829,1/4/2020 19:34,POINT (-11155874.75484457 3634071.976410512)
226,34.289013,-105.932114,338.84,0.46,0.47,1/4/2020,1934,N,VIIRS,n,1,280.6,9.06,D,0,834,1/4/2020 19:34,POINT (-11792308.989135 3817035.466963937)
227,35.590954,-97.007889,328.61,0.4,0.37,1/4/2020,1934,N,VIIRS,n,1,286.94,2.44,D,0,837,1/4/2020 19:34,POINT (-10798868.80641041 3961966.876126823)
228,36.614326,-94.546936,325.09,0.49,0.4,1/4/2020,1934,N,VIIRS,n,1,282.58,1.71,D,0,838,1/4/2020 19:34,POINT (-10524916.77158423 4075888.126058917)
229,36.416531,-91.785301,337.88,0.44,0.46,1/4/2020,1934,N,VIIRS,n,1,282.33,2.81,D,0,842,1/4/2020 19:34,POINT (-10217492.96962734 4053869.687377461)
230,37.727207,-94.386292,326.05,0.51,0.41,1/4/2020,1935,N,VIIRS,n,1,282.47,2.17,D,0,844,1/4/2020 19:35,POINT (-10507033.96330523 4199773.472292426)
231,37.14994,-94.955437,335.44,0.48,0.4,1/4/2020,1935,N,VIIRS,n,1,284.26,6.33,D,0,845,1/4/2020 19:35,POINT (-10570390.89489277 4135512.403800666)
232,38.669624,-97.835251,335.43,0.4,0.37,1/4/2020,1935,N,VIIRS,n,1,285.33,6.76,D,0,847,1/4/2020 19:35,POINT (-10890970.32295211 4304682.852847351)
233,37.977913,-93.146179,327.87,0.39,0.44,1/4/2020,1935,N,VIIRS,n,1,281.51,2.13,D,0,848,1/4/2020 19:35,POINT (-10368985.21561911 4227681.936551245)
234,37.435295,-97.149055,330.87,0.41,0.37,1/4/2020,1935,N,VIIRS,n,1,282.76,2.38,D,0,850,1/4/2020 19:35,POINT (-10814583.33364773 4167277.97709598)
235,37.679054,-93.675827,327.26,0.55,0.43,1/4/2020,1935,N,VIIRS,n,1,281.31,3.36,D,0,855,1/4/2020 19:35,POINT (-10427945.36127879 4194413.104852258)
236,37.241848,-97.819901,330.84,0.39,0.37,1/4/2020,1935,N,VIIRS,n,1,282.74,2.44,D,0,856,1/4/2020 19:35,POINT (-10889261.56876843 4145743.555560493)
237,39.763195,-96.558548,327.77,0.44,0.39,1/4/2020,1935,N,VIIRS,n,1,279.93,5.15,D,0,858,1/4/2020 19:35,POINT (-10748848.39509786 4426418.619713642)
238,40.241413,-96.187477,328.49,0.46,0.39,1/4/2020,1935,N,VIIRS,n,1,281.47,7.58,D,0,859,1/4/2020 19:35,POINT (-10707540.96032971 4479653.60396182)
239,41.616318,-96.008705,342.6,0.48,0.4,1/4/2020,1936,N,VIIRS,n,1,277.37,5.64,D,0,860,1/4/2020 19:36,POINT (-10687640.15232162 4632707.328450945)
240,44.811584,-118.004425,329.84,0.49,0.65,1/4/2020,1938,N,VIIRS,n,1,272.44,3.57,D,0,861,1/4/2020 19:38,POINT (-13136192.50235304 4988402.712520005)
241,38.598721,-121.993095,330.19,0.43,0.38,1/4/2020,2117,N,VIIRS,n,1,289.29,9.38,D,0,863,1/4/2020 21:17,POINT (-13580209.21569545 4296789.966991636)
242,38.585041,-122.638535,327.44,0.41,0.37,1/4/2020,2117,N,VIIRS,n,1,279.05,1.74,D,0,864,1/4/2020 21:17,POINT (-13652059.26783306 4295267.116357583)
243,48.785679,-119.416252,327.07,0.47,0.48,1/4/2020,2119,N,VIIRS,n,1,274.41,2.76,D,0,868,1/4/2020 21:19,POINT (-13293356.36508124 5430796.944284099)
244,36.295532,-79.669289,298.52,0.51,0.66,1/5/2020,614,N,VIIRS,n,1,272.78,1.09,N,0,869,1/5/2020 6:14,POINT (-8868744.683342151 4040400.140310967)
245,47.844189,-102.698273,299.45,0.46,0.63,1/5/2020,752,N,VIIRS,n,1,268.57,0.93,N,0,872,1/5/2020 7:52,POINT (-11432319.45570859 5325990.75689714)
246,44.352367,-97.489487,301.25,0.48,0.48,1/5/2020,753,N,VIIRS,n,1,268.62,1.13,N,0,876,1/5/2020 7:53,POINT (-10852480.05053746 4937282.909916391)
247,39.444008,-91.251457,308.8,0.39,0.36,1/5/2020,754,N,VIIRS,n,1,270.56,1.1,N,0,878,1/5/2020 7:54,POINT (-10158065.7273843 4390886.88540581)
248,39.365726,-88.439827,301.98,0.4,0.37,1/5/2020,754,N,VIIRS,n,1,269.63,0.74,N,0,879,1/5/2020 7:54,POINT (-9845076.507485209 4382172.57302753)
249,38.379944,-92.692993,295.6,0.41,0.37,1/5/2020,754,N,VIIRS,n,1,271.18,0.61,N,0,880,1/5/2020 7:54,POINT (-10318536.78086447 4272435.822754356)
250,36.701843,-95.524803,295.08,0.48,0.4,1/5/2020,755,N,VIIRS,n,1,274.43,0.69,N,0,882,1/5/2020 7:55,POINT (-10633772.42808777 4085630.473934672)
251,34.742188,-86.379539,301.52,0.54,0.42,1/5/2020,755,N,VIIRS,n,1,271.91,1.21,N,0,883,1/5/2020 7:55,POINT (-9615726.296437716 3867482.67720418)
252,34.234604,-81.598373,297.29,0.33,0.55,1/5/2020,755,N,VIIRS,n,1,272.82,0.31,N,0,884,1/5/2020 7:55,POINT (-9083489.331919601 3810978.684789367)
253,33.224403,-93.199547,298.53,0.39,0.36,1/5/2020,756,N,VIIRS,n,1,274.17,0.55,N,0,892,1/5/2020 7:56,POINT (-10374926.11420377 3698523.623870511)
254,30.694977,-85.181198,298.34,0.49,0.49,1/5/2020,756,N,VIIRS,n,1,275.95,0.8,N,0,899,1/5/2020 7:56,POINT (-9482327.586521013 3416949.209551245)
255,31.633427,-89.5298,299.84,0.44,0.38,1/5/2020,756,N,VIIRS,n,1,274.71,0.44,N,0,900,1/5/2020 7:56,POINT (-9966411.746823624 3521416.985686191)
256,32.533669,-85.123863,295.36,0.46,0.47,1/5/2020,756,N,VIIRS,n,1,272.72,0.29,N,0,903,1/5/2020 7:56,POINT (-9475945.083516382 3621631.46671691)
257,31.023525,-82.774727,300.21,0.33,0.55,1/5/2020,756,N,VIIRS,n,1,277.24,0.56,N,0,906,1/5/2020 7:56,POINT (-9214440.460192233 3453523.005612392)
258,29.68227,-91.45755,296.04,0.4,0.37,1/5/2020,757,N,VIIRS,n,1,279.07,0.43,N,0,936,1/5/2020 7:57,POINT (-10181007.89520036 3304215.181988461)
259,31.194614,-98.624367,296.93,0.39,0.44,1/5/2020,757,N,VIIRS,n,1,277.94,4.13,N,0,952,1/5/2020 7:57,POINT (-10978814.31424893 3472568.545972723)
260,30.540668,-91.914696,298.81,0.39,0.36,1/5/2020,757,N,VIIRS,n,1,277.51,0.45,N,0,977,1/5/2020 7:57,POINT (-10231897.15513854 3399771.610246425)
261,47.865295,-103.484116,300.77,0.44,0.46,1/5/2020,933,N,VIIRS,n,1,253.16,0.98,N,0,989,1/5/2020 9:33,POINT (-11519799.09831205 5328340.266069824)
262,43.759457,-105.295288,313.89,0.47,0.48,1/5/2020,934,N,VIIRS,n,1,268.07,1.59,N,0,999,1/5/2020 9:34,POINT (-11721417.84309109 4871280.47063015)
263,38.165955,-109.275093,320.22,0.4,0.45,1/5/2020,936,N,VIIRS,n,1,261.85,0.5,N,0,1000,1/5/2020 9:36,POINT (-12164447.70914761 4248614.676238993)
264,31.001471,-84.037415,329.62,0.78,0.78,1/5/2020,1733,N,VIIRS,n,1,284.76,6.37,D,0,1050,1/5/2020 17:33,POINT (-9355002.245383009 3451067.965562438)
265,32.676235,-84.247658,348.01,0.73,0.76,1/5/2020,1734,N,VIIRS,n,1,285.69,11.22,D,0,1051,1/5/2020 17:34,POINT (-9378406.389085861 3637501.841241344)
266,37.546467,-76.736259,325.17,0.44,0.46,1/5/2020,1735,N,VIIRS,n,1,281.76,2.64,D,0,1052,1/5/2020 17:35,POINT (-8542241.277260754 4179653.587526449)
267,26.452055,-80.79892,208,0.4,0.6,1/5/2020,1912,N,VIIRS,l,1,318.86,64.77,D,0,1053,1/5/2020 19:12,POINT (-8994494.631046446 2944629.293035666)
268,26.962839,-81.83815,344.58,0.35,0.56,1/5/2020,1912,N,VIIRS,n,1,294.36,2.32,D,0,1057,1/5/2020 19:12,POINT (-9110181.18546354 3001489.507821018)
269,27.794785,-81.798157,332.28,0.36,0.57,1/5/2020,1913,N,VIIRS,n,1,292.47,1.89,D,0,1063,1/5/2020 19:13,POINT (-9105729.185068244 3094101.312908518)
270,28.794285,-81.899689,337.76,0.36,0.57,1/5/2020,1913,N,VIIRS,n,1,291.42,2.05,D,0,1068,1/5/2020 19:13,POINT (-9117031.675607469 3205365.143956395)
271,26.862204,-97.965912,349.46,0.43,0.46,1/5/2020,1913,N,VIIRS,n,1,303.89,8.08,D,0,1070,1/5/2020 19:13,POINT (-10905515.43893865 2990286.870865036)
272,29.152012,-81.338486,336.39,0.39,0.59,1/5/2020,1913,N,VIIRS,n,1,291.72,2.87,D,0,1073,1/5/2020 19:13,POINT (-9054558.843415812 3245187.1314394)
273,30.069408,-82.230911,325.84,0.35,0.57,1/5/2020,1913,N,VIIRS,n,1,287.83,1.43,D,0,1074,1/5/2020 19:13,POINT (-9153903.139986997 3347311.187015187)
274,30.57457,-86.757668,350.11,0.39,0.44,1/5/2020,1914,N,VIIRS,n,1,305.37,58.15,D,0,1082,1/5/2020 19:14,POINT (-9657819.424171885 3403545.563623299)
275,30.855759,-84.551208,326.33,0.53,0.5,1/5/2020,1914,N,VIIRS,n,1,288.7,2.32,D,0,1091,1/5/2020 19:14,POINT (-9412197.420516159 3434847.379919968)
276,29.867874,-96.280556,325.72,0.48,0.4,1/5/2020,1914,N,VIIRS,n,1,294.91,1.04,D,0,1098,1/5/2020 19:14,POINT (-10717902.46721326 3324876.524757655)
277,30.971125,-91.060234,330.91,0.4,0.37,1/5/2020,1914,N,VIIRS,n,1,292.27,2.57,D,0,1110,1/5/2020 19:14,POINT (-10136778.88039634 3447689.864294825)
278,31.782278,-93.554649,325.49,0.39,0.36,1/5/2020,1914,N,VIIRS,n,1,293.06,0.97,D,0,1111,1/5/2020 19:14,POINT (-10414455.88802344 3537987.003210261)
279,32.984196,-94.112221,329.97,0.39,0.36,1/5/2020,1915,N,VIIRS,n,1,292.04,3.18,D,0,1138,1/5/2020 19:15,POINT (-10476524.51914403 3671783.902945532)
280,35.938526,-94.599419,335.71,0.39,0.36,1/5/2020,1915,N,VIIRS,n,1,289.43,3.36,D,0,1139,1/5/2020 19:15,POINT (-10530759.15241953 4000658.414180823)
281,36.453133,-92.305252,332.34,0.4,0.37,1/5/2020,1915,N,VIIRS,n,1,290.71,12,D,0,1141,1/5/2020 19:15,POINT (-10275373.6501848 4057944.203379477)
282,36.537605,-90.820076,340.26,0.45,0.39,1/5/2020,1915,N,VIIRS,n,1,289.01,4.31,D,0,1145,1/5/2020 19:15,POINT (-10110044.61412641 4067347.583405766)
283,34.518848,-92.156258,329.64,0.4,0.37,1/5/2020,1915,N,VIIRS,n,1,292.07,4.66,D,0,1146,1/5/2020 19:15,POINT (-10258787.71397354 3842620.582130409)
284,34.602249,-94.049316,329.02,0.38,0.36,1/5/2020,1915,N,VIIRS,n,1,294.48,6.48,D,0,1148,1/5/2020 19:15,POINT (-10469521.96657568 3851904.73898206)
285,33.718895,-96.012642,330.17,0.42,0.38,1/5/2020,1915,N,VIIRS,n,1,293.05,2.53,D,0,1159,1/5/2020 19:15,POINT (-10688078.41715687 3753570.221511859)
286,36.100235,-92.63755,328.67,0.4,0.37,1/5/2020,1915,N,VIIRS,n,1,289.92,2.18,D,0,1163,1/5/2020 19:15,POINT (-10312364.89433642 4018659.777717512)
287,40.313313,-87.912926,326.81,0.44,0.46,1/5/2020,1916,N,VIIRS,n,1,280.05,1.75,D,0,1167,1/5/2020 19:16,POINT (-9786422.156466739 4487657.475349856)
288,39.166363,-94.123367,328.45,0.39,0.36,1/5/2020,1916,N,VIIRS,n,1,300.77,40.12,D,0,1169,1/5/2020 19:16,POINT (-10477765.28618841 4359979.58538451)
289,40.018963,-95.412582,338.04,0.38,0.36,1/5/2020,1916,N,VIIRS,n,1,287.44,80.41,D,0,1171,1/5/2020 19:16,POINT (-10621280.04351146 4454890.583234856)
290,37.833393,-91.385559,330.12,0.44,0.38,1/5/2020,1916,N,VIIRS,n,1,286.66,3.62,D,0,1172,1/5/2020 19:16,POINT (-10172993.89373866 4211594.043741801)
291,39.812866,-91.910233,330.76,0.44,0.38,1/5/2020,1916,N,VIIRS,n,1,286.07,4.1,D,0,1176,1/5/2020 19:16,POINT (-10231400.33625113 4431947.970140834)
292,37.063362,-92.831596,326.92,0.4,0.37,1/5/2020,1916,N,VIIRS,n,1,286.34,1.62,D,0,1181,1/5/2020 19:16,POINT (-10333965.99624689 4125874.584926765)
293,38.884254,-95.888687,328.99,0.39,0.36,1/5/2020,1916,N,VIIRS,n,1,286.24,3.18,D,0,1182,1/5/2020 19:16,POINT (-10674279.80967559 4328575.355156311)
294,39.977566,-123.806602,326.24,0.43,0.38,1/5/2020,2058,N,VIIRS,n,1,277.82,2.45,D,0,1194,1/5/2020 20:58,POINT (-13782087.89148549 4450282.290274486)
295,40.043266,-122.220734,327.26,0.39,0.36,1/5/2020,2058,N,VIIRS,n,1,285.87,1.98,D,0,1195,1/5/2020 20:58,POINT (-13605549.87326014 4457595.980819604)
296,38.359509,-120.81916,333.94,0.39,0.36,1/5/2020,2058,N,VIIRS,n,1,288.43,3.49,D,0,1196,1/5/2020 20:58,POINT (-13449527.36927105 4270161.008959995)
297,46.520016,-120.689445,326.73,0.41,0.37,1/5/2020,2100,N,VIIRS,n,1,277.08,3.31,D,0,1197,1/5/2020 21:00,POINT (-13435087.5615228 5178584.492814939)
,,,,,,,,,,,,,,,,,,
,,,,,,,,,,,,,,,,,,
,,,,,,,,,,,,,,,,,,
,,,,,,,,,,,,,,,,,,
,,,,,,,,,,,,,,,,,,
,,,,,,,,,,,,,,,,,,
,,,,,,,,,,,,,,,,,,
,,,,,,,,,,,,,,,,,,
,,,,,,,,,,,,,,,,,,
,,,,,,,,,,,,,,,,,,
,,,,,,,,,,,,,,,,,,
,,,,,,,,,,,,,,,,,,
,,,,,,,,,,,,,,,,,,
,,,,,,,,,,,,,,,,,,
,,,,,,,,,,,,,,,,,,
,,,,,,,,,,,,,,,,,,
,,,,,,,,,,,,,,,,,,
,,,,,,,,,,,,,,,,,,
,,,,,,,,,,,,,,,,,,
,,,,,,,,,,,,,,,,,,
,,,,,,,,,,,,,,,,,,
,,,,,,,,,,,,,,,,,,
,,,,,,,,,,,,,,,,,,
,,,,,,,,,,,,,,,,,,
,,,,,,,,,,,,,,,,,,
,,,,,,,,,,,,,,,,,,
,,,,,,,,,,,,,,,,,,
,,,,,,,,,,,,,,,,,,
,,,,,,,,,,,,,,,,,,
,,,,,,,,,,,,,,,,,,
,,,,,,,,,,,,,,,,,,
,,,,,,,,,,,,,,,,,,
,,,,,,,,,,,,,,,,,,
,,,,,,,,,,,,,,,,,,
,,,,,,,,,,,,,,,,,,
,,,,,,,,,,,,,,,,,,
,,,,,,,,,,,,,,,,,,
,,,,,,,,,,,,,,,,,,
,,,,,,,,,,,,,,,,,,
,,,,,,,,,,,,,,,,,,
,,,,,,,,,,,,,,,,,,
,,,,,,,,,,,,,,,,,,
,,,,,,,,,,,,,,,,,,
,,,,,,,,,,,,,,,,,,
,,,,,,,,,,,,,,,,,,
,,,,,,,,,,,,,,,,,,
,,,,,,,,,,,,,,,,,,
,,,,,,,,,,,,,,,,,,
,,,,,,,,,,,,,,,,,,
,,,,,,,,,,,,,,,,,,
,,,,,,,,,,,,,,,,,,
,,,,,,,,,,,,,,,,,,
,,,,,,,,,,,,,,,,,,
,,,,,,,,,,,,,,,,,,
,,,,,,,,,,,,,,,,,,
,,,,,,,,,,,,,,,,,,
,,,,,,,,,,,,,,,,,,
,,,,,,,,,,,,,,,,,,
,,,,,,,,,,,,,,,,,,
,,,,,,,,,,,,,,,,,,
,,,,,,,,,,,,,,,,,,
,,,,,,,,,,,,,,,,,,
,,,,,,,,,,,,,,,,,,
,,,,,,,,,,,,,,,,,,
,,,,,,,,,,,,,,,,,,
,,,,,,,,,,,,,,,,,,
,,,,,,,,,,,,,,,,,,
,,,,,,,,,,,,,,,,,,
,,,,,,,,,,,,,,,,,,
,,,,,,,,,,,,,,,,,,
,,,,,,,,,,,,,,,,,,
,,,,,,,,,,,,,,,,,,
,,,,,,,,,,,,,,,,,,
,,,,,,,,,,,,,,,,,,
,,,,,,,,,,,,,,,,,,
,,,,,,,,,,,,,,,,,,
,,,,,,,,,,,,,,,,,,
,,,,,,,,,,,,,,,,,,
,,,,,,,,,,,,,,,,,,
,,,,,,,,,,,,,,,,,,
,,,,,,,,,,,,,,,,,,
,,,,,,,,,,,,,,,,,,
,,,,,,,,,,,,,,,,,,
,,,,,,,,,,,,,,,,,,
,,,,,,,,,,,,,,,,,,
,,,,,,,,,,,,,,,,,,
,,,,,,,,,,,,,,,,,,
,,,,,,,,,,,,,,,,,,
,,,,,,,,,,,,,,,,,,
,,,,,,,,,,,,,,,,,,
,,,,,,,,,,,,,,,,,,
,,,,,,,,,,,,,,,,,,
,,,,,,,,,,,,,,,,,,
,,,,,,,,,,,,,,,,,,
,,,,,,,,,,,,,,,,,,
,,,,,,,,,,,,,,,,,,
,,,,,,,,,,,,,,,,,,
,,,,,,,,,,,,,,,,,,
,,,,,,,,,,,,,,,,,,
,,,,,,,,,,,,,,,,,,
,,,,,,,,,,,,,,,,,,
,,,,,,,,,,,,,,,,,,
,,,,,,,,,,,,,,,,,,
,,,,,,,,,,,,,,,,,,
,,,,,,,,,,,,,,,,,,
,,,,,,,,,,,,,,,,,,
,,,,,,,,,,,,,,,,,,
,,,,,,,,,,,,,,,,,,
,,,,,,,,,,,,,,,,,,
,,,,,,,,,,,,,,,,,,
,,,,,,,,,,,,,,,,,,
,,,,,,,,,,,,,,,,,,
,,,,,,,,,,,,,,,,,,
,,,,,,,,,,,,,,,,,,
,,,,,,,,,,,,,,,,,,
,,,,,,,,,,,,,,,,,,
,,,,,,,,,,,,,,,,,,
,,,,,,,,,,,,,,,,,,
,,,,,,,,,,,,,,,,,,
,,,,,,,,,,,,,,,,,,
,,,,,,,,,,,,,,,,,,
,,,,,,,,,,,,,,,,,,
,,,,,,,,,,,,,,,,,,
,,,,,,,,,,,,,,,,,,
,,,,,,,,,,,,,,,,,,
,,,,,,,,,,,,,,,,,,
,,,,,,,,,,,,,,,,,,
,,,,,,,,,,,,,,,,,,
,,,,,,,,,,,,,,,,,,
,,,,,,,,,,,,,,,,,,
,,,,,,,,,,,,,,,,,,
,,,,,,,,,,,,,,,,,,
,,,,,,,,,,,,,,,,,,
,,,,,,,,,,,,,,,,,,
,,,,,,,,,,,,,,,,,,
,,,,,,,,,,,,,,,,,,
,,,,,,,,,,,,,,,,,,
,,,,,,,,,,,,,,,,,,
,,,,,,,,,,,,,,,,,,
,,,,,,,,,,,,,,,,,,
,,,,,,,,,,,,,,,,,,
,,,,,,,,,,,,,,,,,,
,,,,,,,,,,,,,,,,,,
,,,,,,,,,,,,,,,,,,
,,,,,,,,,,,,,,,,,,
,,,,,,,,,,,,,,,,,,
,,,,,,,,,,,,,,,,,,
,,,,,,,,,,,,,,,,,,
,,,,,,,,,,,,,,,,,,
,,,,,,,,,,,,,,,,,,
,,,,,,,,,,,,,,,,,,
,,,,,,,,,,,,,,,,,,
,,,,,,,,,,,,,,,,,,
,,,,,,,,,,,,,,,,,,
,,,,,,,,,,,,,,,,,,
,,,,,,,,,,,,,,,,,,
,,,,,,,,,,,,,,,,,,
,,,,,,,,,,,,,,,,,,
,,,,,,,,,,,,,,,,,,
,,,,,,,,,,,,,,,,,,
,,,,,,,,,,,,,,,,,,
,,,,,,,,,,,,,,,,,,
,,,,,,,,,,,,,,,,,,
,,,,,,,,,,,,,,,,,,
,,,,,,,,,,,,,,,,,,
,,,,,,,,,,,,,,,,,,
,,,,,,,,,,,,,,,,,,
,,,,,,,,,,,,,,,,,,
,,,,,,,,,,,,,,,,,,
,,,,,,,,,,,,,,,,,,
,,,,,,,,,,,,,,,,,,
,,,,,,,,,,,,,,,,,,
,,,,,,,,,,,,,,,,,,
,,,,,,,,,,,,,,,,,,
,,,,,,,,,,,,,,,,,,
,,,,,,,,,,,,,,,,,,
,,,,,,,,,,,,,,,,,,
,,,,,,,,,,,,,,,,,,
,,,,,,,,,,,,,,,,,,
,,,,,,,,,,,,,,,,,,
,,,,,,,,,,,,,,,,,,
,,,,,,,,,,,,,,,,,,
,,,,,,,,,,,,,,,,,,
,,,,,,,,,,,,,,,,,,
,,,,,,,,,,,,,,,,,,
,,,,,,,,,,,,,,,,,,
,,,,,,,,,,,,,,,,,,
,,,,,,,,,,,,,,,,,,
,,,,,,,,,,,,,,,,,,
,,,,,,,,,,,,,,,,,,
,,,,,,,,,,,,,,,,,,
,,,,,,,,,,,,,,,,,,
,,,,,,,,,,,,,,,,,,
,,,,,,,,,,,,,,,,,,
,,,,,,,,,,,,,,,,,,
,,,,,,,,,,,,,,,,,,
,,,,,,,,,,,,,,,,,,
,,,,,,,,,,,,,,,,,,
,,,,,,,,,,,,,,,,,,
,,,,,,,,,,,,,,,,,,
,,,,,,,,,,,,,,,,,,
,,,,,,,,,,,,,,,,,,
,,,,,,,,,,,,,,,,,,
,,,,,,,,,,,,,,,,,,
,,,,,,,,,,,,,,,,,,
,,,,,,,,,,,,,,,,,,
,,,,,,,,,,,,,,,,,,
,,,,,,,,,,,,,,,,,,
,,,,,,,,,,,,,,,,,,
,,,,,,,,,,,,,,,,,,
,,,,,,,,,,,,,,,,,,
,,,,,,,,,,,,,,,,,,
,,,,,,,,,,,,,,,,,,
,,,,,,,,,,,,,,,,,,
,,,,,,,,,,,,,,,,,,
,,,,,,,,,,,,,,,,,,
,,,,,,,,,,,,,,,,,,
,,,,,,,,,,,,,,,,,,
,,,,,,,,,,,,,,,,,,
,,,,,,,,,,,,,,,,,,
,,,,,,,,,,,,,,,,,,
,,,,,,,,,,,,,,,,,,
,,,,,,,,,,,,,,,,,,
,,,,,,,,,,,,,,,,,,
,,,,,,,,,,,,,,,,,,
,,,,,,,,,,,,,,,,,,
,,,,,,,,,,,,,,,,,,
,,,,,,,,,,,,,,,,,,
,,,,,,,,,,,,,,,,,,
,,,,,,,,,,,,,,,,,,
,,,,,,,,,,,,,,,,,,
,,,,,,,,,,,,,,,,,,
,,,,,,,,,,,,,,,,,,
,,,,,,,,,,,,,,,,,,
,,,,,,,,,,,,,,,,,,
,,,,,,,,,,,,,,,,,,
,,,,,,,,,,,,,,,,,,
,,,,,,,,,,,,,,,,,,
,,,,,,,,,,,,,,,,,,
,,,,,,,,,,,,,,,,,,
,,,,,,,,,,,,,,,,,,
,,,,,,,,,,,,,,,,,,
,,,,,,,,,,,,,,,,,,
,,,,,,,,,,,,,,,,,,
,,,,,,,,,,,,,,,,,,
,,,,,,,,,,,,,,,,,,
,,,,,,,,,,,,,,,,,,
,,,,,,,,,,,,,,,,,,
,,,,,,,,,,,,,,,,,,
,,,,,,,,,,,,,,,,,,
,,,,,,,,,,,,,,,,,,
,,,,,,,,,,,,,,,,,,
,,,,,,,,,,,,,,,,,,
,,,,,,,,,,,,,,,,,,
,,,,,,,,,,,,,,,,,,
,,,,,,,,,,,,,,,,,,
,,,,,,,,,,,,,,,,,,
,,,,,,,,,,,,,,,,,,
,,,,,,,,,,,,,,,,,,
,,,,,,,,,,,,,,,,,,
,,,,,,,,,,,,,,,,,,
,,,,,,,,,,,,,,,,,,
,,,,,,,,,,,,,,,,,,
,,,,,,,,,,,,,,,,,,
,,,,,,,,,,,,,,,,,,
,,,,,,,,,,,,,,,,,,
,,,,,,,,,,,,,,,,,,
,,,,,,,,,,,,,,,,,,
,,,,,,,,,,,,,,,,,,
,,,,,,,,,,,,,,,,,,
,,,,,,,,,,,,,,,,,,
,,,,,,,,,,,,,,,,,,
,,,,,,,,,,,,,,,,,,
,,,,,,,,,,,,,,,,,,
,,,,,,,,,,,,,,,,,,
,,,,,,,,,,,,,,,,,,
,,,,,,,,,,,,,,,,,,
,,,,,,,,,,,,,,,,,,
,,,,,,,,,,,,,,,,,,
,,,,,,,,,,,,,,,,,,
,,,,,,,,,,,,,,,,,,
,,,,,,,,,,,,,,,,,,
,,,,,,,,,,,,,,,,,,
,,,,,,,,,,,,,,,,,,
,,,,,,,,,,,,,,,,,,
,,,,,,,,,,,,,,,,,,
,,,,,,,,,,,,,,,,,,
,,,,,,,,,,,,,,,,,,
,,,,,,,,,,,,,,,,,,
,,,,,,,,,,,,,,,,,,
,,,,,,,,,,,,,,,,,,
,,,,,,,,,,,,,,,,,,
,,,,,,,,,,,,,,,,,,
,,,,,,,,,,,,,,,,,,
,,,,,,,,,,,,,,,,,,
,,,,,,,,,,,,,,,,,,
,,,,,,,,,,,,,,,,,,
,,,,,,,,,,,,,,,,,,
,,,,,,,,,,,,,,,,,,
,,,,,,,,,,,,,,,,,,
,,,,,,,,,,,,,,,,,,
,,,,,,,,,,,,,,,,,,
,,,,,,,,,,,,,,,,,,
,,,,,,,,,,,,,,,,,,
,,,,,,,,,,,,,,,,,,
,,,,,,,,,,,,,,,,,,
,,,,,,,,,,,,,,,,,,
,,,,,,,,,,,,,,,,,,
,,,,,,,,,,,,,,,,,,
,,,,,,,,,,,,,,,,,,
,,,,,,,,,,,,,,,,,,
,,,,,,,,,,,,,,,,,,
,,,,,,,,,,,,,,,,,,
,,,,,,,,,,,,,,,,,,
,,,,,,,,,,,,,,,,,,
,,,,,,,,,,,,,,,,,,
,,,,,,,,,,,,,,,,,,
,,,,,,,,,,,,,,,,,,
,,,,,,,,,,,,,,,,,,
,,,,,,,,,,,,,,,,,,
,,,,,,,,,,,,,,,,,,
,,,,,,,,,,,,,,,,,,
,,,,,,,,,,,,,,,,,,
,,,,,,,,,,,,,,,,,,
,,,,,,,,,,,,,,,,,,
,,,,,,,,,,,,,,,,,,
,,,,,,,,,,,,,,,,,,
,,,,,,,,,,,,,,,,,,
,,,,,,,,,,,,,,,,,,
,,,,,,,,,,,,,,,,,,
,,,,,,,,,,,,,,,,,,
,,,,,,,,,,,,,,,,,,
,,,,,,,,,,,,,,,,,,
,,,,,,,,,,,,,,,,,,
,,,,,,,,,,,,,,,,,,
,,,,,,,,,,,,,,,,,,
,,,,,,,,,,,,,,,,,,
,,,,,,,,,,,,,,,,,,
,,,,,,,,,,,,,,,,,,
,,,,,,,,,,,,,,,,,,
,,,,,,,,,,,,,,,,,,
,,,,,,,,,,,,,,,,,,
,,,,,,,,,,,,,,,,,,
,,,,,,,,,,,,,,,,,,
,,,,,,,,,,,,,,,,,,
,,,,,,,,,,,,,,,,,,
,,,,,,,,,,,,,,,,,,
,,,,,,,,,,,,,,,,,,
,,,,,,,,,,,,,,,,,,
,,,,,,,,,,,,,,,,,,
,,,,,,,,,,,,,,,,,,
,,,,,,,,,,,,,,,,,,
,,,,,,,,,,,,,,,,,,
,,,,,,,,,,,,,,,,,,
,,,,,,,,,,,,,,,,,,
,,,,,,,,,,,,,,,,,,
,,,,,,,,,,,,,,,,,,
,,,,,,,,,,,,,,,,,,
,,,,,,,,,,,,,,,,,,
,,,,,,,,,,,,,,,,,,
,,,,,,,,,,,,,,,,,,
,,,,,,,,,,,,,,,,,,
,,,,,,,,,,,,,,,,,,
,,,,,,,,,,,,,,,,,,
,,,,,,,,,,,,,,,,,,
,,,,,,,,,,,,,,,,,,
,,,,,,,,,,,,,,,,,,
,,,,,,,,,,,,,,,,,,
,,,,,,,,,,,,,,,,,,
,,,,,,,,,,,,,,,,,,
,,,,,,,,,,,,,,,,,,
,,,,,,,,,,,,,,,,,,
,,,,,,,,,,,,,,,,,,
,,,,,,,,,,,,,,,,,,
,,,,,,,,,,,,,,,,,,
,,,,,,,,,,,,,,,,,,
,,,,,,,,,,,,,,,,,,
,,,,,,,,,,,,,,,,,,
,,,,,,,,,,,,,,,,,,
,,,,,,,,,,,,,,,,,,
,,,,,,,,,,,,,,,,,,
,,,,,,,,,,,,,,,,,,
,,,,,,,,,,,,,,,,,,
,,,,,,,,,,,,,,,,,,
,,,,,,,,,,,,,,,,,,
,,,,,,,,,,,,,,,,,,
,,,,,,,,,,,,,,,,,,
,,,,,,,,,,,,,,,,,,
,,,,,,,,,,,,,,,,,,
,,,,,,,,,,,,,,,,,,
,,,,,,,,,,,,,,,,,,
,,,,,,,,,,,,,,,,,,
,,,,,,,,,,,,,,,,,,
,,,,,,,,,,,,,,,,,,
,,,,,,,,,,,,,,,,,,
,,,,,,,,,,,,,,,,,,
,,,,,,,,,,,,,,,,,,
,,,,,,,,,,,,,,,,,,
,,,,,,,,,,,,,,,,,,
,,,,,,,,,,,,,,,,,,
,,,,,,,,,,,,,,,,,,
,,,,,,,,,,,,,,,,,,
,,,,,,,,,,,,,,,,,,
,,,,,,,,,,,,,,,,,,
,,,,,,,,,,,,,,,,,,
,,,,,,,,,,,,,,,,,,
,,,,,,,,,,,,,,,,,,
,,,,,,,,,,,,,,,,,,
,,,,,,,,,,,,,,,,,,
,,,,,,,,,,,,,,,,,,
,,,,,,,,,,,,,,,,,,
,,,,,,,,,,,,,,,,,,
,,,,,,,,,,,,,,,,,,
,,,,,,,,,,,,,,,,,,
,,,,,,,,,,,,,,,,,,
,,,,,,,,,,,,,,,,,,
,,,,,,,,,,,,,,,,,,
,,,,,,,,,,,,,,,,,,
,,,,,,,,,,,,,,,,,,
,,,,,,,,,,,,,,,,,,
,,,,,,,,,,,,,,,,,,
,,,,,,,,,,,,,,,,,,
,,,,,,,,,,,,,,,,,,
,,,,,,,,,,,,,,,,,,
,,,,,,,,,,,,,,,,,,
,,,,,,,,,,,,,,,,,,
,,,,,,,,,,,,,,,,,,
,,,,,,,,,,,,,,,,,,
,,,,,,,,,,,,,,,,,,
,,,,,,,,,,,,,,,,,,
,,,,,,,,,,,,,,,,,,
,,,,,,,,,,,,,,,,,,
,,,,,,,,,,,,,,,,,,
,,,,,,,,,,,,,,,,,,
,,,,,,,,,,,,,,,,,,
,,,,,,,,,,,,,,,,,,
,,,,,,,,,,,,,,,,,,
,,,,,,,,,,,,,,,,,,
,,,,,,,,,,,,,,,,,,
,,,,,,,,,,,,,,,,,,
,,,,,,,,,,,,,,,,,,
,,,,,,,,,,,,,,,,,,
,,,,,,,,,,,,,,,,,,
,,,,,,,,,,,,,,,,,,
,,,,,,,,,,,,,,,,,,
,,,,,,,,,,,,,,,,,,
,,,,,,,,,,,,,,,,,,
,,,,,,,,,,,,,,,,,,
,,,,,,,,,,,,,,,,,,
,,,,,,,,,,,,,,,,,,
,,,,,,,,,,,,,,,,,,
,,,,,,,,,,,,,,,,,,
,,,,,,,,,,,,,,,,,,
,,,,,,,,,,,,,,,,,,
,,,,,,,,,,,,,,,,,,
,,,,,,,,,,,,,,,,,,
,,,,,,,,,,,,,,,,,,
,,,,,,,,,,,,,,,,,,
,,,,,,,,,,,,,,,,,,
,,,,,,,,,,,,,,,,,,
,,,,,,,,,,,,,,,,,,
,,,,,,,,,,,,,,,,,,
,,,,,,,,,,,,,,,,,,
,,,,,,,,,,,,,,,,,,
,,,,,,,,,,,,,,,,,,
,,,,,,,,,,,,,,,,,,
,,,,,,,,,,,,,,,,,,
,,,,,,,,,,,,,,,,,,
,,,,,,,,,,,,,,,,,,
,,,,,,,,,,,,,,,,,,
,,,,,,,,,,,,,,,,,,
,,,,,,,,,,,,,,,,,,
,,,,,,,,,,,,,,,,,,
,,,,,,,,,,,,,,,,,,
,,,,,,,,,,,,,,,,,,
,,,,,,,,,,,,,,,,,,
,,,,,,,,,,,,,,,,,,
,,,,,,,,,,,,,,,,,,
,,,,,,,,,,,,,,,,,,
,,,,,,,,,,,,,,,,,,
,,,,,,,,,,,,,,,,,,
,,,,,,,,,,,,,,,,,,
,,,,,,,,,,,,,,,,,,
,,,,,,,,,,,,,,,,,,
,,,,,,,,,,,,,,,,,,
,,,,,,,,,,,,,,,,,,
,,,,,,,,,,,,,,,,,,
,,,,,,,,,,,,,,,,,,
,,,,,,,,,,,,,,,,,,
,,,,,,,,,,,,,,,,,,
,,,,,,,,,,,,,,,,,,
,,,,,,,,,,,,,,,,,,
,,,,,,,,,,,,,,,,,,
,,,,,,,,,,,,,,,,,,
,,,,,,,,,,,,,,,,,,
,,,,,,,,,,,,,,,,,,
,,,,,,,,,,,,,,,,,,
,,,,,,,,,,,,,,,,,,
,,,,,,,,,,,,,,,,,,
,,,,,,,,,,,,,,,,,,
,,,,,,,,,,,,,,,,,,
,,,,,,,,,,,,,,,,,,
,,,,,,,,,,,,,,,,,,
,,,,,,,,,,,,,,,,,,
,,,,,,,,,,,,,,,,,,
,,,,,,,,,,,,,,,,,,
,,,,,,,,,,,,,,,,,,
,,,,,,,,,,,,,,,,,,
,,,,,,,,,,,,,,,,,,
,,,,,,,,,,,,,,,,,,
,,,,,,,,,,,,,,,,,,
,,,,,,,,,,,,,,,,,,
,,,,,,,,,,,,,,,,,,
,,,,,,,,,,,,,,,,,,
,,,,,,,,,,,,,,,,,,
,,,,,,,,,,,,,,,,,,
,,,,,,,,,,,,,,,,,,
,,,,,,,,,,,,,,,,,,
,,,,,,,,,,,,,,,,,,
,,,,,,,,,,,,,,,,,,
,,,,,,,,,,,,,,,,,,
,,,,,,,,,,,,,,,,,,
,,,,,,,,,,,,,,,,,,
,,,,,,,,,,,,,,,,,,
,,,,,,,,,,,,,,,,,,
,,,,,,,,,,,,,,,,,,
,,,,,,,,,,,,,,,,,,
,,,,,,,,,,,,,,,,,,
,,,,,,,,,,,,,,,,,,
,,,,,,,,,,,,,,,,,,
,,,,,,,,,,,,,,,,,,
,,,,,,,,,,,,,,,,,,
,,,,,,,,,,,,,,,,,,
,,,,,,,,,,,,,,,,,,
,,,,,,,,,,,,,,,,,,
,,,,,,,,,,,,,,,,,,
,,,,,,,,,,,,,,,,,,
,,,,,,,,,,,,,,,,,,
,,,,,,,,,,,,,,,,,,
,,,,,,,,,,,,,,,,,,
,,,,,,,,,,,,,,,,,,
,,,,,,,,,,,,,,,,,,
,,,,,,,,,,,,,,,,,,
,,,,,,,,,,,,,,,,,,
,,,,,,,,,,,,,,,,,,
,,,,,,,,,,,,,,,,,,
,,,,,,,,,,,,,,,,,,
,,,,,,,,,,,,,,,,,,
,,,,,,,,,,,,,,,,,,
,,,,,,,,,,,,,,,,,,
,,,,,,,,,,,,,,,,,,
,,,,,,,,,,,,,,,,,,
,,,,,,,,,,,,,,,,,,
,,,,,,,,,,,,,,,,,,
,,,,,,,,,,,,,,,,,,
,,,,,,,,,,,,,,,,,,
,,,,,,,,,,,,,,,,,,
,,,,,,,,,,,,,,,,,,
,,,,,,,,,,,,,,,,,,
,,,,,,,,,,,,,,,,,,
,,,,,,,,,,,,,,,,,,
,,,,,,,,,,,,,,,,,,
,,,,,,,,,,,,,,,,,,
,,,,,,,,,,,,,,,,,,
,,,,,,,,,,,,,,,,,,
,,,,,,,,,,,,,,,,,,
,,,,,,,,,,,,,,,,,,
,,,,,,,,,,,,,,,,,,
,,,,,,,,,,,,,,,,,,
,,,,,,,,,,,,,,,,,,
,,,,,,,,,,,,,,,,,,
,,,,,,,,,,,,,,,,,,
,,,,,,,,,,,,,,,,,,
,,,,,,,,,,,,,,,,,,
,,,,,,,,,,,,,,,,,,
,,,,,,,,,,,,,,,,,,
,,,,,,,,,,,,,,,,,,
,,,,,,,,,,,,,,,,,,
,,,,,,,,,,,,,,,,,,
,,,,,,,,,,,,,,,,,,
,,,,,,,,,,,,,,,,,,
,,,,,,,,,,,,,,,,,,
,,,,,,,,,,,,,,,,,,
,,,,,,,,,,,,,,,,,,
,,,,,,,,,,,,,,,,,,
,,,,,,,,,,,,,,,,,,
,,,,,,,,,,,,,,,,,,
,,,,,,,,,,,,,,,,,,
,,,,,,,,,,,,,,,,,,
,,,,,,,,,,,,,,,,,,
,,,,,,,,,,,,,,,,,,
,,,,,,,,,,,,,,,,,,
,,,,,,,,,,,,,,,,,,
,,,,,,,,,,,,,,,,,,
,,,,,,,,,,,,,,,,,,
,,,,,,,,,,,,,,,,,,
,,,,,,,,,,,,,,,,,,
,,,,,,,,,,,,,,,,,,
,,,,,,,,,,,,,,,,,,
,,,,,,,,,,,,,,,,,,
,,,,,,,,,,,,,,,,,,
,,,,,,,,,,,,,,,,,,
,,,,,,,,,,,,,,,,,,
,,,,,,,,,,,,,,,,,,
,,,,,,,,,,,,,,,,,,
,,,,,,,,,,,,,,,,,,
,,,,,,,,,,,,,,,,,,
,,,,,,,,,,,,,,,,,,
,,,,,,,,,,,,,,,,,,
,,,,,,,,,,,,,,,,,,
,,,,,,,,,,,,,,,,,,
,,,,,,,,,,,,,,,,,,
,,,,,,,,,,,,,,,,,,
,,,,,,,,,,,,,,,,,,
,,,,,,,,,,,,,,,,,,
,,,,,,,,,,,,,,,,,,
,,,,,,,,,,,,,,,,,,
,,,,,,,,,,,,,,,,,,
,,,,,,,,,,,,,,,,,,
,,,,,,,,,,,,,,,,,,
,,,,,,,,,,,,,,,,,,
,,,,,,,,,,,,,,,,,,
,,,,,,,,,,,,,,,,,,
,,,,,,,,,,,,,,,,,,
,,,,,,,,,,,,,,,,,,
,,,,,,,,,,,,,,,,,,
,,,,,,,,,,,,,,,,,,
,,,,,,,,,,,,,,,,,,
,,,,,,,,,,,,,,,,,,
,,,,,,,,,,,,,,,,,,
,,,,,,,,,,,,,,,,,,
,,,,,,,,,,,,,,,,,,
,,,,,,,,,,,,,,,,,,
,,,,,,,,,,,,,,,,,,
,,,,,,,,,,,,,,,,,,
,,,,,,,,,,,,,,,,,,
,,,,,,,,,,,,,,,,,,
,,,,,,,,,,,,,,,,,,
,,,,,,,,,,,,,,,,,,
,,,,,,,,,,,,,,,,,,
,,,,,,,,,,,,,,,,,,
,,,,,,,,,,,,,,,,,,
,,,,,,,,,,,,,,,,,,
,,,,,,,,,,,,,,,,,,
,,,,,,,,,,,,,,,,,,
,,,,,,,,,,,,,,,,,,
,,,,,,,,,,,,,,,,,,
,,,,,,,,,,,,,,,,,,
,,,,,,,,,,,,,,,,,,
,,,,,,,,,,,,,,,,,,
,,,,,,,,,,,,,,,,,,
,,,,,,,,,,,,,,,,,,
,,,,,,,,,,,,,,,,,,
,,,,,,,,,,,,,,,,,,
,,,,,,,,,,,,,,,,,,
,,,,,,,,,,,,,,,,,,
,,,,,,,,,,,,,,,,,,
,,,,,,,,,,,,,,,,,,
,,,,,,,,,,,,,,,,,,
,,,,,,,,,,,,,,,,,,
,,,,,,,,,,,,,,,,,,
,,,,,,,,,,,,,,,,,,
,,,,,,,,,,,,,,,,,,
,,,,,,,,,,,,,,,,,,
,,,,,,,,,,,,,,,,,,
,,,,,,,,,,,,,,,,,,
,,,,,,,,,,,,,,,,,,
,,,,,,,,,,,,,,,,,,
,,,,,,,,,,,,,,,,,,
,,,,,,,,,,,,,,,,,,
,,,,,,,,,,,,,,,,,,
,,,,,,,,,,,,,,,,,,
,,,,,,,,,,,,,,,,,,
,,,,,,,,,,,,,,,,,,
,,,,,,,,,,,,,,,,,,
,,,,,,,,,,,,,,,,,,
,,,,,,,,,,,,,,,,,,
,,,,,,,,,,,,,,,,,,
,,,,,,,,,,,,,,,,,,
,,,,,,,,,,,,,,,,,,
,,,,,,,,,,,,,,,,,,
,,,,,,,,,,,,,,,,,,
,,,,,,,,,,,,,,,,,,
,,,,,,,,,,,,,,,,,,
,,,,,,,,,,,,,,,,,,
,,,,,,,,,,,,,,,,,,
,,,,,,,,,,,,,,,,,,
,,,,,,,,,,,,,,,,,,
,,,,,,,,,,,,,,,,,,
,,,,,,,,,,,,,,,,,,
,,,,,,,,,,,,,,,,,,
,,,,,,,,,,,,,,,,,,
,,,,,,,,,,,,,,,,,,
,,,,,,,,,,,,,,,,,,
,,,,,,,,,,,,,,,,,,
,,,,,,,,,,,,,,,,,,
,,,,,,,,,,,,,,,,,,
,,,,,,,,,,,,,,,,,,
,,,,,,,,,,,,,,,,,,
,,,,,,,,,,,,,,,,,,
,,,,,,,,,,,,,,,,,,
,,,,,,,,,,,,,,,,,,
,,,,,,,,,,,,,,,,,,
,,,,,,,,,,,,,,,,,,
,,,,,,,,,,,,,,,,,,
,,,,,,,,,,,,,,,,,,
,,,,,,,,,,,,,,,,,,
,,,,,,,,,,,,,,,,,,
,,,,,,,,,,,,,,,,,,
,,,,,,,,,,,,,,,,,,
,,,,,,,,,,,,,,,,,,
,,,,,,,,,,,,,,,,,,
,,,,,,,,,,,,,,,,,,
,,,,,,,,,,,,,,,,,,
,,,,,,,,,,,,,,,,,,
,,,,,,,,,,,,,,,,,,
,,,,,,,,,,,,,,,,,,
,,,,,,,,,,,,,,,,,,
,,,,,,,,,,,,,,,,,,
,,,,,,,,,,,,,,,,,,
,,,,,,,,,,,,,,,,,,
,,,,,,,,,,,,,,,,,,
,,,,,,,,,,,,,,,,,,
,,,,,,,,,,,,,,,,,,
,,,,,,,,,,,,,,,,,,
,,,,,,,,,,,,,,,,,,
,,,,,,,,,,,,,,,,,,
,,,,,,,,,,,,,,,,,,
,,,,,,,,,,,,,,,,,,
,,,,,,,,,,,,,,,,,,
