,time,timeCheck,next_opportunity_time,rollangle,omega,errorAngle,controlTorque
0,2023-06-12 21:49:51+00:00,,,,,,
1,2023-06-12 21:49:52.800000+00:00,,,,,,
2,2023-06-12 21:49:54.600000+00:00,,,,,,
3,2023-06-12 21:49:56.400000+00:00,,,,,,
4,2023-06-12 21:49:58.200000+00:00,,,,,,
5,2023-06-12 21:50:00+00:00,,,,,,
6,2023-06-12 21:50:01.800000+00:00,,,,,,
7,2023-06-12 21:50:03.600000+00:00,,,,,,
8,2023-06-12 21:50:05.400000+00:00,,,,,,
9,2023-06-12 21:50:07.200000+00:00,,,,,,
10,2023-06-12 21:50:09+00:00,,,,,,
11,2023-06-12 21:50:10.800000+00:00,,,,,,
12,2023-06-12 21:50:12.600000+00:00,,,,,,
13,2023-06-12 21:50:14.400000+00:00,,,,,,
14,2023-06-12 21:50:16.200000+00:00,,,,,,
15,2023-06-12 21:50:18+00:00,,,,,,
16,2023-06-12 21:50:19.800000+00:00,,,,,,
17,2023-06-12 21:50:21.600000+00:00,,,,,,
18,2023-06-12 21:50:23.400000+00:00,,,,,,
19,2023-06-12 21:50:25.200000+00:00,,,,,,
20,2023-06-12 21:50:27+00:00,,,,,,
21,2023-06-12 21:50:28.800000+00:00,,,,,,
22,2023-06-12 21:50:30.600000+00:00,,,,,,
23,2023-06-12 21:50:32.400000+00:00,,,,,,
24,2023-06-12 21:50:34.200000+00:00,,,,,,
25,2023-06-12 21:50:36+00:00,,,,,,
26,2023-06-12 21:50:37.800000+00:00,,,,,,
27,2023-06-12 21:50:39.600000+00:00,,,,,,
28,2023-06-12 21:50:41.400000+00:00,,,,,,
29,2023-06-12 21:50:43.200000+00:00,,,,,,
30,2023-06-12 21:50:45+00:00,,,,,,
31,2023-06-12 21:50:46.800000+00:00,,,,,,
32,2023-06-12 21:50:48.600000+00:00,,,,,,
33,2023-06-12 21:50:50.400000+00:00,,,,,,
34,2023-06-12 21:50:52.200000+00:00,,,,,,
35,2023-06-12 21:50:54+00:00,,,,,,
36,2023-06-12 21:50:55.800000+00:00,,,,,,
37,2023-06-12 21:50:57.600000+00:00,,,,,,
38,2023-06-12 21:50:59.400000+00:00,,,,,,
39,2023-06-12 21:51:01.200000+00:00,,,,,,
40,2023-06-12 21:51:03+00:00,,,,,,
41,2023-06-12 21:51:04.800000+00:00,,,,,,
42,2023-06-12 21:51:06.600000+00:00,,,,,,
43,2023-06-12 21:51:08.400000+00:00,,,,,,
44,2023-06-12 21:51:10.200000+00:00,,,,,,
45,2023-06-12 21:51:12+00:00,,,,,,
46,2023-06-12 21:51:13.800000+00:00,,,,,,
47,2023-06-12 21:51:15.600000+00:00,,,,,,
48,2023-06-12 21:51:17.400000+00:00,,,,,,
49,2023-06-12 21:51:19.200000+00:00,,,,,,
50,2023-06-12 21:51:21+00:00,,,,,,
51,2023-06-12 21:51:22.800000+00:00,,,,,,
52,2023-06-12 21:51:24.600000+00:00,,,,,,
53,2023-06-12 21:51:26.400000+00:00,,,,,,
54,2023-06-12 21:51:28.200000+00:00,,,,,,
55,2023-06-12 21:51:30+00:00,,,,,,
56,2023-06-12 21:51:31.800000+00:00,,,,,,
57,2023-06-12 21:51:33.600000+00:00,,,,,,
58,2023-06-12 21:51:35.400000+00:00,,,,,,
59,2023-06-12 21:51:37.200000+00:00,,,,,,
60,2023-06-12 21:51:39+00:00,,,,,,
61,2023-06-12 21:51:40.800000+00:00,,,,,,
62,2023-06-12 21:51:42.600000+00:00,,,,,,
63,2023-06-12 21:51:44.400000+00:00,,,,,,
64,2023-06-12 21:51:46.200000+00:00,,,,,,
65,2023-06-12 21:51:48+00:00,,,,,,
66,2023-06-12 21:51:49.800000+00:00,,,,,,
67,2023-06-12 21:51:51.600000+00:00,,,,,,
68,2023-06-12 21:51:53.400000+00:00,,,,,,
69,2023-06-12 21:51:55.200000+00:00,,,,,,
70,2023-06-12 21:51:57+00:00,,,,,,
71,2023-06-12 21:51:58.800000+00:00,,,,,,
72,2023-06-12 21:52:00.600000+00:00,,,,,,
73,2023-06-12 21:52:02.400000+00:00,,,,,,
74,2023-06-12 21:52:04.200000+00:00,,,,,,
75,2023-06-12 21:52:06+00:00,,,,,,
76,2023-06-12 21:52:07.800000+00:00,,,,,,
77,2023-06-12 21:52:09.600000+00:00,,,,,,
78,2023-06-12 21:52:11.400000+00:00,,,,,,
79,2023-06-12 21:52:13.200000+00:00,,,,,,
80,2023-06-12 21:52:15+00:00,,,,,,
81,2023-06-12 21:52:16.800000+00:00,,,,,,
82,2023-06-12 21:52:18.600000+00:00,,,,,,
83,2023-06-12 21:52:20.400000+00:00,,,,,,
84,2023-06-12 21:52:22.200000+00:00,,,,,,
85,2023-06-12 21:52:24+00:00,,,,,,
86,2023-06-12 21:52:25.800000+00:00,,,,,,
87,2023-06-12 21:52:27.600000+00:00,,,,,,
88,2023-06-12 21:52:29.400000+00:00,,,,,,
89,2023-06-12 21:52:31.200000+00:00,,,,,,
90,2023-06-12 21:52:33+00:00,,,,,,
91,2023-06-12 21:52:34.800000+00:00,,,,,,
92,2023-06-12 21:52:36.600000+00:00,,,,,,
93,2023-06-12 21:52:38.400000+00:00,,,,,,
94,2023-06-12 21:52:40.200000+00:00,,,,,,
95,2023-06-12 21:52:42+00:00,,,,,,
96,2023-06-12 21:52:43.800000+00:00,,,,,,
97,2023-06-12 21:52:45.600000+00:00,,,,,,
98,2023-06-12 21:52:47.400000+00:00,,,,,,
99,2023-06-12 21:52:49.200000+00:00,,,,,,
100,2023-06-12 21:52:51+00:00,,,,,,
101,2023-06-12 21:52:52.800000+00:00,,,,,,
102,2023-06-12 21:52:54.600000+00:00,,,,,,
103,2023-06-12 21:52:56.400000+00:00,,,,,,
104,2023-06-12 21:52:58.200000+00:00,,,,,,
105,2023-06-12 21:53:00+00:00,,,,,,
106,2023-06-12 21:53:01.800000+00:00,,,,,,
107,2023-06-12 21:53:03.600000+00:00,,,,,,
108,2023-06-12 21:53:05.400000+00:00,,,,,,
109,2023-06-12 21:53:07.200000+00:00,,,,,,
110,2023-06-12 21:53:09+00:00,,,,,,
111,2023-06-12 21:53:10.800000+00:00,,,,,,
112,2023-06-12 21:53:12.600000+00:00,,,,,,
113,2023-06-12 21:53:14.400000+00:00,,,,,,
114,2023-06-12 21:53:16.200000+00:00,,,,,,
115,2023-06-12 21:53:18+00:00,,,,,,
116,2023-06-12 21:53:19.800000+00:00,,,,,,
117,2023-06-12 21:53:21.600000+00:00,,,,,,
118,2023-06-12 21:53:23.400000+00:00,,,,,,
119,2023-06-12 21:53:25.200000+00:00,,,,,,
120,2023-06-12 21:53:27+00:00,,,,,,
121,2023-06-12 21:53:28.800000+00:00,,,,,,
122,2023-06-12 21:53:30.600000+00:00,,,,,,
123,2023-06-12 21:53:32.400000+00:00,,,,,,
124,2023-06-12 21:53:34.200000+00:00,,,,,,
125,2023-06-12 21:53:36+00:00,,,,,,
126,2023-06-12 21:53:37.800000+00:00,,,,,,
127,2023-06-12 21:53:39.600000+00:00,,,,,,
128,2023-06-12 21:53:41.400000+00:00,,,,,,
129,2023-06-12 21:53:43.200000+00:00,,,,,,
130,2023-06-12 21:53:45+00:00,,,,,,
131,2023-06-12 21:53:46.800000+00:00,,,,,,
132,2023-06-12 21:53:48.600000+00:00,,,,,,
133,2023-06-12 21:53:50.400000+00:00,,,,,,
134,2023-06-12 21:53:52.200000+00:00,,,,,,
135,2023-06-12 21:53:54+00:00,,,,,,
136,2023-06-12 21:53:55.800000+00:00,,,,,,
137,2023-06-12 21:53:57.600000+00:00,,,,,,
138,2023-06-12 21:53:59.400000+00:00,,,,,,
139,2023-06-12 21:54:01.200000+00:00,,,,,,
140,2023-06-12 21:54:03+00:00,,,,,,
141,2023-06-12 21:54:04.800000+00:00,,,,,,
142,2023-06-12 21:54:06.600000+00:00,,,,,,
143,2023-06-12 21:54:08.400000+00:00,,,,,,
144,2023-06-12 21:54:10.200000+00:00,,,,,,
145,2023-06-12 21:54:12+00:00,,,,,,
146,2023-06-12 21:54:13.800000+00:00,,,,,,
147,2023-06-12 21:54:15.600000+00:00,,,,,,
148,2023-06-12 21:54:17.400000+00:00,,,,,,
149,2023-06-12 21:54:19.200000+00:00,,,,,,
150,2023-06-12 21:54:21+00:00,,,,,,
151,2023-06-12 21:54:22.800000+00:00,,,,,,
152,2023-06-12 21:54:24.600000+00:00,,,,,,
153,2023-06-12 21:54:26.400000+00:00,,,,,,
154,2023-06-12 21:54:28.200000+00:00,,,,,,
155,2023-06-12 21:54:30+00:00,,,,,,
156,2023-06-12 21:54:31.800000+00:00,,,,,,
157,2023-06-12 21:54:33.600000+00:00,,,,,,
158,2023-06-12 21:54:35.400000+00:00,,,,,,
159,2023-06-12 21:54:37.200000+00:00,,,,,,
160,2023-06-12 21:54:39+00:00,,,,,,
161,2023-06-12 21:54:40.800000+00:00,,,,,,
162,2023-06-12 21:54:42.600000+00:00,,,,,,
163,2023-06-12 21:54:44.400000+00:00,,,,,,
164,2023-06-12 21:54:46.200000+00:00,,,,,,
165,2023-06-12 21:54:48+00:00,,,,,,
166,2023-06-12 21:54:49.800000+00:00,,,,,,
167,2023-06-12 21:54:51.600000+00:00,,,,,,
168,2023-06-12 21:54:53.400000+00:00,,,,,,
169,2023-06-12 21:54:55.200000+00:00,,,,,,
170,2023-06-12 21:54:57+00:00,,,,,,
171,2023-06-12 21:54:58.800000+00:00,,,,,,
172,2023-06-12 21:55:00.600000+00:00,,,,,,
173,2023-06-12 21:55:02.400000+00:00,,,,,,
174,2023-06-12 21:55:04.200000+00:00,,,,,,
175,2023-06-12 21:55:06+00:00,,,,,,
176,2023-06-12 21:55:07.800000+00:00,,,,,,
177,2023-06-12 21:55:09.600000+00:00,,,,,,
178,2023-06-12 21:55:11.400000+00:00,,,,,,
179,2023-06-12 21:55:13.200000+00:00,,,,,,
180,2023-06-12 21:55:15+00:00,,,,,,
181,2023-06-12 21:55:16.800000+00:00,,,,,,
182,2023-06-12 21:55:18.600000+00:00,,,,,,
183,2023-06-12 21:55:20.400000+00:00,,,,,,
184,2023-06-12 21:55:22.200000+00:00,,,,,,
185,2023-06-12 21:55:24+00:00,,,,,,
186,2023-06-12 21:55:25.800000+00:00,,,,,,
187,2023-06-12 21:55:27.600000+00:00,,,,,,
188,2023-06-12 21:55:29.400000+00:00,,,,,,
189,2023-06-12 21:55:31.200000+00:00,,,,,,
190,2023-06-12 21:55:33+00:00,,,,,,
191,2023-06-12 21:55:34.800000+00:00,,,,,,
192,2023-06-12 21:55:36.600000+00:00,,,,,,
193,2023-06-12 21:55:38.400000+00:00,,,,,,
194,2023-06-12 21:55:40.200000+00:00,,,,,,
195,2023-06-12 21:55:42+00:00,,,,,,
196,2023-06-12 21:55:43.800000+00:00,,,,,,
197,2023-06-12 21:55:45.600000+00:00,,,,,,
198,2023-06-12 21:55:47.400000+00:00,,,,,,
199,2023-06-12 21:55:49.200000+00:00,,,,,,
200,2023-06-12 21:55:51+00:00,,,,,,
201,2023-06-12 21:55:52.800000+00:00,,,,,,
202,2023-06-12 21:55:54.600000+00:00,,,,,,
203,2023-06-12 21:55:56.400000+00:00,,,,,,
204,2023-06-12 21:55:58.200000+00:00,,,,,,
205,2023-06-12 21:56:00+00:00,,,,,,
206,2023-06-12 21:56:01.800000+00:00,,,,,,
207,2023-06-12 21:56:03.600000+00:00,,,,,,
208,2023-06-12 21:56:05.400000+00:00,,,,,,
209,2023-06-12 21:56:07.200000+00:00,,,,,,
210,2023-06-12 21:56:09+00:00,,,,,,
211,2023-06-12 21:56:10.800000+00:00,,,,,,
212,2023-06-12 21:56:12.600000+00:00,,,,,,
213,2023-06-12 21:56:14.400000+00:00,,,,,,
214,2023-06-12 21:56:16.200000+00:00,,,,,,
215,2023-06-12 21:56:18+00:00,,,,,,
216,2023-06-12 21:56:19.800000+00:00,,,,,,
217,2023-06-12 21:56:21.600000+00:00,,,,,,
218,2023-06-12 21:56:23.400000+00:00,,,,,,
219,2023-06-12 21:56:25.200000+00:00,,,,,,
220,2023-06-12 21:56:27+00:00,,,,,,
221,2023-06-12 21:56:28.800000+00:00,,,,,,
222,2023-06-12 21:56:30.600000+00:00,,,,,,
223,2023-06-12 21:56:32.400000+00:00,,,,,,
224,2023-06-12 21:56:34.200000+00:00,,,,,,
225,2023-06-12 21:56:36+00:00,,,,,,
226,2023-06-12 21:56:37.800000+00:00,,,,,,
227,2023-06-12 21:56:39.600000+00:00,,,,,,
228,2023-06-12 21:56:41.400000+00:00,,,,,,
229,2023-06-12 21:56:43.200000+00:00,,,,,,
230,2023-06-12 21:56:45+00:00,,,,,,
231,2023-06-12 21:56:46.800000+00:00,,,,,,
232,2023-06-12 21:56:48.600000+00:00,,,,,,
233,2023-06-12 21:56:50.400000+00:00,,,,,,
234,2023-06-12 21:56:52.200000+00:00,,,,,,
235,2023-06-12 21:56:54+00:00,,,,,,
236,2023-06-12 21:56:55.800000+00:00,,,,,,
237,2023-06-12 21:56:57.600000+00:00,,,,,,
238,2023-06-12 21:56:59.400000+00:00,,,,,,
239,2023-06-12 21:57:01.200000+00:00,,,,,,
240,2023-06-12 21:57:03+00:00,,,,,,
241,2023-06-12 21:57:04.800000+00:00,,,,,,
242,2023-06-12 21:57:06.600000+00:00,,,,,,
243,2023-06-12 21:57:08.400000+00:00,,,,,,
244,2023-06-12 21:57:10.200000+00:00,,,,,,
245,2023-06-12 21:57:12+00:00,,,,,,
246,2023-06-12 21:57:13.800000+00:00,,,,,,
247,2023-06-12 21:57:15.600000+00:00,,,,,,
248,2023-06-12 21:57:17.400000+00:00,,,,,,
249,2023-06-12 21:57:19.200000+00:00,,,,,,
250,2023-06-12 21:57:21+00:00,,,,,,
251,2023-06-12 21:57:22.800000+00:00,,,,,,
252,2023-06-12 21:57:24.600000+00:00,,,,,,
253,2023-06-12 21:57:26.400000+00:00,,,,,,
254,2023-06-12 21:57:28.200000+00:00,,,,,,
255,2023-06-12 21:57:30+00:00,,,,,,
256,2023-06-12 21:57:31.800000+00:00,,,,,,
257,2023-06-12 21:57:33.600000+00:00,,,,,,
258,2023-06-12 21:57:35.400000+00:00,,,,,,
259,2023-06-12 21:57:37.200000+00:00,,,,,,
260,2023-06-12 21:57:39+00:00,,,,,,
261,2023-06-12 21:57:40.800000+00:00,,,,,,
262,2023-06-12 21:57:42.600000+00:00,,,,,,
263,2023-06-12 21:57:44.400000+00:00,,,,,,
264,2023-06-12 21:57:46.200000+00:00,,,,,,
265,2023-06-12 21:57:48+00:00,,,,,,
266,2023-06-12 21:57:49.800000+00:00,,,,,,
267,2023-06-12 21:57:51.600000+00:00,,,,,,
268,2023-06-12 21:57:53.400000+00:00,,,,,,
269,2023-06-12 21:57:55.200000+00:00,,,,,,
270,2023-06-12 21:57:57+00:00,,,,,,
271,2023-06-12 21:57:58.800000+00:00,,,,,,
272,2023-06-12 21:58:00.600000+00:00,,,,,,
273,2023-06-12 21:58:02.400000+00:00,,,,,,
274,2023-06-12 21:58:04.200000+00:00,,,,,,
275,2023-06-12 21:58:06+00:00,,,,,,
276,2023-06-12 21:58:07.800000+00:00,,,,,,
277,2023-06-12 21:58:09.600000+00:00,,,,,,
278,2023-06-12 21:58:11.400000+00:00,,,,,,
279,2023-06-12 21:58:13.200000+00:00,,,,,,
280,2023-06-12 21:58:15+00:00,,,,,,
281,2023-06-12 21:58:16.800000+00:00,,,,,,
282,2023-06-12 21:58:18.600000+00:00,,,,,,
283,2023-06-12 21:58:20.400000+00:00,,,,,,
284,2023-06-12 21:58:22.200000+00:00,,,,,,
285,2023-06-12 21:58:24+00:00,,,,,,
286,2023-06-12 21:58:25.800000+00:00,,,,,,
287,2023-06-12 21:58:27.600000+00:00,,,,,,
288,2023-06-12 21:58:29.400000+00:00,,,,,,
289,2023-06-12 21:58:31.200000+00:00,,,,,,
290,2023-06-12 21:58:33+00:00,,,,,,
291,2023-06-12 21:58:34.800000+00:00,,,,,,
292,2023-06-12 21:58:36.600000+00:00,,,,,,
293,2023-06-12 21:58:38.400000+00:00,,,,,,
294,2023-06-12 21:58:40.200000+00:00,,,,,,
295,2023-06-12 21:58:42+00:00,,,,,,
296,2023-06-12 21:58:43.800000+00:00,,,,,,
297,2023-06-12 21:58:45.600000+00:00,,,,,,
298,2023-06-12 21:58:47.400000+00:00,,,,,,
299,2023-06-12 21:58:49.200000+00:00,,,,,,
300,2023-06-12 21:58:51+00:00,,,,,,
301,2023-06-12 21:58:52.800000+00:00,,,,,,
302,2023-06-12 21:58:54.600000+00:00,,,,,,
303,2023-06-12 21:58:56.400000+00:00,,,,,,
304,2023-06-12 21:58:58.200000+00:00,,,,,,
305,2023-06-12 21:59:00+00:00,,,,,,
306,2023-06-12 21:59:01.800000+00:00,,,,,,
307,2023-06-12 21:59:03.600000+00:00,,,,,,
308,2023-06-12 21:59:05.400000+00:00,,,,,,
309,2023-06-12 21:59:07.200000+00:00,,,,,,
310,2023-06-12 21:59:09+00:00,,,,,,
311,2023-06-12 21:59:10.800000+00:00,,,,,,
312,2023-06-12 21:59:12.600000+00:00,,,,,,
313,2023-06-12 21:59:14.400000+00:00,,,,,,
314,2023-06-12 21:59:16.200000+00:00,,,,,,
315,2023-06-12 21:59:18+00:00,,,,,,
316,2023-06-12 21:59:19.800000+00:00,,,,,,
317,2023-06-12 21:59:21.600000+00:00,,,,,,
318,2023-06-12 21:59:23.400000+00:00,,,,,,
319,2023-06-12 21:59:25.200000+00:00,,,,,,
320,2023-06-12 21:59:27+00:00,,,,,,
321,2023-06-12 21:59:28.800000+00:00,,,,,,
322,2023-06-12 21:59:30.600000+00:00,,,,,,
323,2023-06-12 21:59:32.400000+00:00,,,,,,
324,2023-06-12 21:59:34.200000+00:00,,,,,,
325,2023-06-12 21:59:36+00:00,,,,,,
326,2023-06-12 21:59:37.800000+00:00,,,,,,
327,2023-06-12 21:59:39.600000+00:00,,,,,,
328,2023-06-12 21:59:41.400000+00:00,,,,,,
329,2023-06-12 21:59:43.200000+00:00,,,,,,
330,2023-06-12 21:59:45+00:00,,,,,,
331,2023-06-12 21:59:46.800000+00:00,,,,,,
332,2023-06-12 21:59:48.600000+00:00,,,,,,
333,2023-06-12 21:59:50.400000+00:00,,,,,,
334,2023-06-12 21:59:52.200000+00:00,,,,,,
335,2023-06-12 21:59:54+00:00,,,,,,
336,2023-06-12 21:59:55.800000+00:00,,,,,,
337,2023-06-12 21:59:57.600000+00:00,,,,,,
338,2023-06-12 21:59:59.400000+00:00,,,,,,
339,2023-06-12 22:00:01.200000+00:00,,,,,,
340,2023-06-12 22:00:03+00:00,,,,,,
341,2023-06-12 22:00:04.800000+00:00,,,,,,
342,2023-06-12 22:00:06.600000+00:00,,,,,,
343,2023-06-12 22:00:08.400000+00:00,,,,,,
344,2023-06-12 22:00:10.200000+00:00,,,,,,
345,2023-06-12 22:00:12+00:00,,,,,,
346,2023-06-12 22:00:13.800000+00:00,,,,,,
347,2023-06-12 22:00:15.600000+00:00,,,,,,
348,2023-06-12 22:00:17.400000+00:00,,,,,,
349,2023-06-12 22:00:19.200000+00:00,,,,,,
350,2023-06-12 22:00:21+00:00,,,,,,
351,2023-06-12 22:00:22.800000+00:00,,,,,,
352,2023-06-12 22:00:24.600000+00:00,,,,,,
353,2023-06-12 22:00:26.400000+00:00,,,,,,
354,2023-06-12 22:00:28.200000+00:00,,,,,,
355,2023-06-12 22:00:30+00:00,,,,,,
356,2023-06-12 22:00:31.800000+00:00,,,,,,
357,2023-06-12 22:00:33.600000+00:00,,,,,,
358,2023-06-12 22:00:35.400000+00:00,,,,,,
359,2023-06-12 22:00:37.200000+00:00,,,,,,
360,2023-06-12 22:00:39+00:00,,,,,,
361,2023-06-12 22:00:40.800000+00:00,,,,,,
362,2023-06-12 22:00:42.600000+00:00,,,,,,
363,2023-06-12 22:00:44.400000+00:00,,,,,,
364,2023-06-12 22:00:46.200000+00:00,,,,,,
365,2023-06-12 22:00:48+00:00,,,,,,
366,2023-06-12 22:00:49.800000+00:00,,,,,,
367,2023-06-12 22:00:51.600000+00:00,,,,,,
368,2023-06-12 22:00:53.400000+00:00,,,,,,
369,2023-06-12 22:00:55.200000+00:00,,,,,,
370,2023-06-12 22:00:57+00:00,,,,,,
371,2023-06-12 22:00:58.800000+00:00,,,,,,
372,2023-06-12 22:01:00.600000+00:00,,,,,,
373,2023-06-12 22:01:02.400000+00:00,,,,,,
374,2023-06-12 22:01:04.200000+00:00,,,,,,
375,2023-06-12 22:01:06+00:00,,,,,,
376,2023-06-12 22:01:07.800000+00:00,,,,,,
377,2023-06-12 22:01:09.600000+00:00,,,,,,
378,2023-06-12 22:01:11.400000+00:00,,,,,,
379,2023-06-12 22:01:13.200000+00:00,,,,,,
380,2023-06-12 22:01:15+00:00,,,,,,
381,2023-06-12 22:01:16.800000+00:00,,,,,,
382,2023-06-12 22:01:18.600000+00:00,,,,,,
383,2023-06-12 22:01:20.400000+00:00,,,,,,
384,2023-06-12 22:01:22.200000+00:00,,,,,,
385,2023-06-12 22:01:24+00:00,,,,,,
386,2023-06-12 22:01:25.800000+00:00,,,,,,
387,2023-06-12 22:01:27.600000+00:00,,,,,,
388,2023-06-12 22:01:29.400000+00:00,,,,,,
389,2023-06-12 22:01:31.200000+00:00,,,,,,
390,2023-06-12 22:01:33+00:00,,,,,,
391,2023-06-12 22:01:34.800000+00:00,,,,,,
392,2023-06-12 22:01:36.600000+00:00,,,,,,
393,2023-06-12 22:01:38.400000+00:00,,,,,,
394,2023-06-12 22:01:40.200000+00:00,,,,,,
395,2023-06-12 22:01:42+00:00,,,,,,
396,2023-06-12 22:01:43.800000+00:00,,,,,,
397,2023-06-12 22:01:45.600000+00:00,,,,,,
398,2023-06-12 22:01:47.400000+00:00,,,,,,
399,2023-06-12 22:01:49.200000+00:00,,,,,,
400,2023-06-12 22:01:51+00:00,,,,,,
401,2023-06-12 22:01:52.800000+00:00,,,,,,
402,2023-06-12 22:01:54.600000+00:00,,,,,,
403,2023-06-12 22:01:56.400000+00:00,,,,,,
404,2023-06-12 22:01:58.200000+00:00,,,,,,
405,2023-06-12 22:02:00+00:00,,,,,,
406,2023-06-12 22:02:01.800000+00:00,,,,,,
407,2023-06-12 22:02:03.600000+00:00,,,,,,
408,2023-06-12 22:02:05.400000+00:00,,,,,,
409,2023-06-12 22:02:07.200000+00:00,,,,,,
410,2023-06-12 22:02:09+00:00,,,,,,
411,2023-06-12 22:02:10.800000+00:00,,,,,,
412,2023-06-12 22:02:12.600000+00:00,,,,,,
413,2023-06-12 22:02:14.400000+00:00,,,,,,
414,2023-06-12 22:02:16.200000+00:00,,,,,,
415,2023-06-12 22:02:18+00:00,,,,,,
416,2023-06-12 22:02:19.800000+00:00,,,,,,
417,2023-06-12 22:02:21.600000+00:00,,,,,,
418,2023-06-12 22:02:23.400000+00:00,,,,,,
419,2023-06-12 22:02:25.200000+00:00,,,,,,
420,2023-06-12 22:02:27+00:00,,,,,,
421,2023-06-12 22:02:28.800000+00:00,,,,,,
422,2023-06-12 22:02:30.600000+00:00,,,,,,
423,2023-06-12 22:02:32.400000+00:00,,,,,,
424,2023-06-12 22:02:34.200000+00:00,,,,,,
425,2023-06-12 22:02:36+00:00,,,,,,
426,2023-06-12 22:02:37.800000+00:00,,,,,,
427,2023-06-12 22:02:39.600000+00:00,,,,,,
428,2023-06-12 22:02:41.400000+00:00,,,,,,
429,2023-06-12 22:02:43.200000+00:00,,,,,,
430,2023-06-12 22:02:45+00:00,,,,,,
431,2023-06-12 22:02:46.800000+00:00,,,,,,
432,2023-06-12 22:02:48.600000+00:00,,,,,,
433,2023-06-12 22:02:50.400000+00:00,,,,,,
434,2023-06-12 22:02:52.200000+00:00,,,,,,
435,2023-06-12 22:02:54+00:00,,,,,,
436,2023-06-12 22:02:55.800000+00:00,,,,,,
437,2023-06-12 22:02:57.600000+00:00,,,,,,
438,2023-06-12 22:02:59.400000+00:00,,,,,,
439,2023-06-12 22:03:01.200000+00:00,,,,,,
440,2023-06-12 22:03:03+00:00,,,,,,
441,2023-06-12 22:03:04.800000+00:00,,,,,,
442,2023-06-12 22:03:06.600000+00:00,,,,,,
443,2023-06-12 22:03:08.400000+00:00,,,,,,
444,2023-06-12 22:03:10.200000+00:00,,,,,,
445,2023-06-12 22:03:12+00:00,,,,,,
446,2023-06-12 22:03:13.800000+00:00,,,,,,
447,2023-06-12 22:03:15.600000+00:00,,,,,,
448,2023-06-12 22:03:17.400000+00:00,,,,,,
449,2023-06-12 22:03:19.200000+00:00,,,,,,
450,2023-06-12 22:03:21+00:00,,,,,,
451,2023-06-12 22:03:22.800000+00:00,,,,,,
452,2023-06-12 22:03:24.600000+00:00,,,,,,
453,2023-06-12 22:03:26.400000+00:00,,,,,,
454,2023-06-12 22:03:28.200000+00:00,,,,,,
455,2023-06-12 22:03:30+00:00,,,,,,
456,2023-06-12 22:03:31.800000+00:00,,,,,,
457,2023-06-12 22:03:33.600000+00:00,,,,,,
458,2023-06-12 22:03:35.400000+00:00,,,,,,
459,2023-06-12 22:03:37.200000+00:00,,,,,,
460,2023-06-12 22:03:39+00:00,,,,,,
461,2023-06-12 22:03:40.800000+00:00,,,,,,
462,2023-06-12 22:03:42.600000+00:00,,,,,,
463,2023-06-12 22:03:44.400000+00:00,,,,,,
464,2023-06-12 22:03:46.200000+00:00,,,,,,
465,2023-06-12 22:03:48+00:00,,,,,,
466,2023-06-12 22:03:49.800000+00:00,,,,,,
467,2023-06-12 22:03:51.600000+00:00,,,,,,
468,2023-06-12 22:03:53.400000+00:00,,,,,,
469,2023-06-12 22:03:55.200000+00:00,,,,,,
470,2023-06-12 22:03:57+00:00,,,,,,
471,2023-06-12 22:03:58.800000+00:00,,,,,,
472,2023-06-12 22:04:00.600000+00:00,,,,,,
473,2023-06-12 22:04:02.400000+00:00,,,,,,
474,2023-06-12 22:04:04.200000+00:00,,,,,,
475,2023-06-12 22:04:06+00:00,,,,,,
476,2023-06-12 22:04:07.800000+00:00,,,,,,
477,2023-06-12 22:04:09.600000+00:00,,,,,,
478,2023-06-12 22:04:11.400000+00:00,,,,,,
479,2023-06-12 22:04:13.200000+00:00,,,,,,
480,2023-06-12 22:04:15+00:00,,,,,,
481,2023-06-12 22:04:16.800000+00:00,,,,,,
482,2023-06-12 22:04:18.600000+00:00,,,,,,
483,2023-06-12 22:04:20.400000+00:00,,,,,,
484,2023-06-12 22:04:22.200000+00:00,,,,,,
485,2023-06-12 22:04:24+00:00,,,,,,
486,2023-06-12 22:04:25.800000+00:00,,,,,,
487,2023-06-12 22:04:27.600000+00:00,,,,,,
488,2023-06-12 22:04:29.400000+00:00,,,,,,
489,2023-06-12 22:04:31.200000+00:00,,,,,,
490,2023-06-12 22:04:33+00:00,,,,,,
491,2023-06-12 22:04:34.800000+00:00,,,,,,
492,2023-06-12 22:04:36.600000+00:00,,,,,,
493,2023-06-12 22:04:38.400000+00:00,,,,,,
494,2023-06-12 22:04:40.200000+00:00,,,,,,
495,2023-06-12 22:04:42+00:00,,,,,,
496,2023-06-12 22:04:43.800000+00:00,,,,,,
497,2023-06-12 22:04:45.600000+00:00,,,,,,
498,2023-06-12 22:04:47.400000+00:00,,,,,,
499,2023-06-12 22:04:49.200000+00:00,,,,,,
500,2023-06-12 22:04:51+00:00,,,,,,
501,2023-06-12 22:04:52.800000+00:00,,,,,,
502,2023-06-12 22:04:54.600000+00:00,,,,,,
503,2023-06-12 22:04:56.400000+00:00,,,,,,
504,2023-06-12 22:04:58.200000+00:00,,,,,,
505,2023-06-12 22:05:00+00:00,,,,,,
506,2023-06-12 22:05:01.800000+00:00,,,,,,
507,2023-06-12 22:05:03.600000+00:00,,,,,,
508,2023-06-12 22:05:05.400000+00:00,,,,,,
509,2023-06-12 22:05:07.200000+00:00,,,,,,
510,2023-06-12 22:05:09+00:00,,,,,,
511,2023-06-12 22:05:10.800000+00:00,,,,,,
512,2023-06-12 22:05:12.600000+00:00,,,,,,
513,2023-06-12 22:05:14.400000+00:00,,,,,,
514,2023-06-12 22:05:16.200000+00:00,,,,,,
515,2023-06-12 22:05:18+00:00,,,,,,
516,2023-06-12 22:05:19.800000+00:00,,,,,,
517,2023-06-12 22:05:21.600000+00:00,,,,,,
518,2023-06-12 22:05:23.400000+00:00,,,,,,
519,2023-06-12 22:05:25.200000+00:00,,,,,,
520,2023-06-12 22:05:27+00:00,,,,,,
521,2023-06-12 22:05:28.800000+00:00,,,,,,
522,2023-06-12 22:05:30.600000+00:00,,,,,,
523,2023-06-12 22:05:32.400000+00:00,,,,,,
524,2023-06-12 22:05:34.200000+00:00,,,,,,
525,2023-06-12 22:05:36+00:00,,,,,,
526,2023-06-12 22:05:37.800000+00:00,,,,,,
527,2023-06-12 22:05:39.600000+00:00,,,,,,
528,2023-06-12 22:05:41.400000+00:00,,,,,,
529,2023-06-12 22:05:43.200000+00:00,,,,,,
530,2023-06-12 22:05:45+00:00,,,,,,
531,2023-06-12 22:05:46.800000+00:00,,,,,,
532,2023-06-12 22:05:48.600000+00:00,,,,,,
533,2023-06-12 22:05:50.400000+00:00,,,,,,
534,2023-06-12 22:05:52.200000+00:00,,,,,,
535,2023-06-12 22:05:54+00:00,,,,,,
536,2023-06-12 22:05:55.800000+00:00,,,,,,
537,2023-06-12 22:05:57.600000+00:00,,,,,,
538,2023-06-12 22:05:59.400000+00:00,,,,,,
539,2023-06-12 22:06:01.200000+00:00,,,,,,
540,2023-06-12 22:06:03+00:00,,,,,,
541,2023-06-12 22:06:04.800000+00:00,,,,,,
542,2023-06-12 22:06:06.600000+00:00,,,,,,
543,2023-06-12 22:06:08.400000+00:00,,,,,,
544,2023-06-12 22:06:10.200000+00:00,,,,,,
545,2023-06-12 22:06:12+00:00,,,,,,
546,2023-06-12 22:06:13.800000+00:00,,,,,,
547,2023-06-12 22:06:15.600000+00:00,,,,,,
548,2023-06-12 22:06:17.400000+00:00,,,,,,
549,2023-06-12 22:06:19.200000+00:00,,,,,,
550,2023-06-12 22:06:21+00:00,,,,,,
551,2023-06-12 22:06:22.800000+00:00,,,,,,
552,2023-06-12 22:06:24.600000+00:00,,,,,,
553,2023-06-12 22:06:26.400000+00:00,,,,,,
554,2023-06-12 22:06:28.200000+00:00,,,,,,
555,2023-06-12 22:06:30+00:00,,,,,,
556,2023-06-12 22:06:31.800000+00:00,,,,,,
557,2023-06-12 22:06:33.600000+00:00,,,,,,
558,2023-06-12 22:06:35.400000+00:00,,,,,,
559,2023-06-12 22:06:37.200000+00:00,,,,,,
560,2023-06-12 22:06:39+00:00,,,,,,
561,2023-06-12 22:06:40.800000+00:00,,,,,,
562,2023-06-12 22:06:42.600000+00:00,,,,,,
563,2023-06-12 22:06:44.400000+00:00,,,,,,
564,2023-06-12 22:06:46.200000+00:00,,,,,,
565,2023-06-12 22:06:48+00:00,,,,,,
566,2023-06-12 22:06:49.800000+00:00,,,,,,
567,2023-06-12 22:06:51.600000+00:00,,,,,,
568,2023-06-12 22:06:53.400000+00:00,,,,,,
569,2023-06-12 22:06:55.200000+00:00,,,,,,
570,2023-06-12 22:06:57+00:00,,,,,,
571,2023-06-12 22:06:58.800000+00:00,,,,,,
572,2023-06-12 22:07:00.600000+00:00,,,,,,
573,2023-06-12 22:07:02.400000+00:00,,,,,,
574,2023-06-12 22:07:04.200000+00:00,,,,,,
575,2023-06-12 22:07:06+00:00,,,,,,
576,2023-06-12 22:07:07.800000+00:00,,,,,,
577,2023-06-12 22:07:09.600000+00:00,,,,,,
578,2023-06-12 22:07:11.400000+00:00,,,,,,
579,2023-06-12 22:07:13.200000+00:00,,,,,,
580,2023-06-12 22:07:15+00:00,,,,,,
581,2023-06-12 22:07:16.800000+00:00,,,,,,
582,2023-06-12 22:07:18.600000+00:00,,,,,,
583,2023-06-12 22:07:20.400000+00:00,,,,,,
584,2023-06-12 22:07:22.200000+00:00,,,,,,
585,2023-06-12 22:07:24+00:00,,,,,,
586,2023-06-12 22:07:25.800000+00:00,,,,,,
587,2023-06-12 22:07:27.600000+00:00,,,,,,
588,2023-06-12 22:07:29.400000+00:00,,,,,,
589,2023-06-12 22:07:31.200000+00:00,,,,,,
590,2023-06-12 22:07:33+00:00,,,,,,
591,2023-06-12 22:07:34.800000+00:00,,,,,,
592,2023-06-12 22:07:36.600000+00:00,,,,,,
593,2023-06-12 22:07:38.400000+00:00,,,,,,
594,2023-06-12 22:07:40.200000+00:00,,,,,,
595,2023-06-12 22:07:42+00:00,,,,,,
596,2023-06-12 22:07:43.800000+00:00,,,,,,
597,2023-06-12 22:07:45.600000+00:00,,,,,,
598,2023-06-12 22:07:47.400000+00:00,,,,,,
599,2023-06-12 22:07:49.200000+00:00,,,,,,
600,2023-06-12 22:07:51+00:00,,,,,,
601,2023-06-12 22:07:52.800000+00:00,,,,,,
602,2023-06-12 22:07:54.600000+00:00,,,,,,
603,2023-06-12 22:07:56.400000+00:00,,,,,,
604,2023-06-12 22:07:58.200000+00:00,,,,,,
605,2023-06-12 22:08:00+00:00,,,,,,
606,2023-06-12 22:08:01.800000+00:00,,,,,,
607,2023-06-12 22:08:03.600000+00:00,,,,,,
608,2023-06-12 22:08:05.400000+00:00,,,,,,
609,2023-06-12 22:08:07.200000+00:00,,,,,,
610,2023-06-12 22:08:09+00:00,,,,,,
611,2023-06-12 22:08:10.800000+00:00,,,,,,
612,2023-06-12 22:08:12.600000+00:00,,,,,,
613,2023-06-12 22:08:14.400000+00:00,,,,,,
614,2023-06-12 22:08:16.200000+00:00,,,,,,
615,2023-06-12 22:08:18+00:00,,,,,,
616,2023-06-12 22:08:19.800000+00:00,,,,,,
617,2023-06-12 22:08:21.600000+00:00,,,,,,
618,2023-06-12 22:08:23.400000+00:00,,,,,,
619,2023-06-12 22:08:25.200000+00:00,,,,,,
620,2023-06-12 22:08:27+00:00,,,,,,
621,2023-06-12 22:08:28.800000+00:00,,,,,,
622,2023-06-12 22:08:30.600000+00:00,,,,,,
623,2023-06-12 22:08:32.400000+00:00,,,,,,
624,2023-06-12 22:08:34.200000+00:00,,,,,,
625,2023-06-12 22:08:36+00:00,,,,,,
626,2023-06-12 22:08:37.800000+00:00,,,,,,
627,2023-06-12 22:08:39.600000+00:00,,,,,,
628,2023-06-12 22:08:41.400000+00:00,,,,,,
629,2023-06-12 22:08:43.200000+00:00,,,,,,
630,2023-06-12 22:08:45+00:00,,,,,,
631,2023-06-12 22:08:46.800000+00:00,,,,,,
632,2023-06-12 22:08:48.600000+00:00,,,,,,
633,2023-06-12 22:08:50.400000+00:00,,,,,,
634,2023-06-12 22:08:52.200000+00:00,,,,,,
635,2023-06-12 22:08:54+00:00,,,,,,
636,2023-06-12 22:08:55.800000+00:00,,,,,,
637,2023-06-12 22:08:57.600000+00:00,,,,,,
638,2023-06-12 22:08:59.400000+00:00,,,,,,
639,2023-06-12 22:09:01.200000+00:00,,,,,,
640,2023-06-12 22:09:03+00:00,,,,,,
641,2023-06-12 22:09:04.800000+00:00,,,,,,
642,2023-06-12 22:09:06.600000+00:00,,,,,,
643,2023-06-12 22:09:08.400000+00:00,,,,,,
644,2023-06-12 22:09:10.200000+00:00,,,,,,
645,2023-06-12 22:09:12+00:00,,,,,,
646,2023-06-12 22:09:13.800000+00:00,,,,,,
647,2023-06-12 22:09:15.600000+00:00,,,,,,
648,2023-06-12 22:09:17.400000+00:00,,,,,,
649,2023-06-12 22:09:19.200000+00:00,,,,,,
650,2023-06-12 22:09:21+00:00,,,,,,
651,2023-06-12 22:09:22.800000+00:00,,,,,,
652,2023-06-12 22:09:24.600000+00:00,,,,,,
653,2023-06-12 22:09:26.400000+00:00,,,,,,
654,2023-06-12 22:09:28.200000+00:00,,,,,,
655,2023-06-12 22:09:30+00:00,,,,,,
656,2023-06-12 22:09:31.800000+00:00,,,,,,
657,2023-06-12 22:09:33.600000+00:00,,,,,,
658,2023-06-12 22:09:35.400000+00:00,,,,,,
659,2023-06-12 22:09:37.200000+00:00,,,,,,
660,2023-06-12 22:09:39+00:00,,,,,,
661,2023-06-12 22:09:40.800000+00:00,,,,,,
662,2023-06-12 22:09:42.600000+00:00,,,,,,
663,2023-06-12 22:09:44.400000+00:00,,,,,,
664,2023-06-12 22:09:46.200000+00:00,,,,,,
665,2023-06-12 22:09:48+00:00,,,,,,
666,2023-06-12 22:09:49.800000+00:00,,,,,,
667,2023-06-12 22:09:51.600000+00:00,,,,,,
668,2023-06-12 22:09:53.400000+00:00,,,,,,
669,2023-06-12 22:09:55.200000+00:00,,,,,,
670,2023-06-12 22:09:57+00:00,,,,,,
671,2023-06-12 22:09:58.800000+00:00,,,,,,
672,2023-06-12 22:10:00.600000+00:00,,,,,,
673,2023-06-12 22:10:02.400000+00:00,,,,,,
674,2023-06-12 22:10:04.200000+00:00,,,,,,
675,2023-06-12 22:10:06+00:00,,,,,,
676,2023-06-12 22:10:07.800000+00:00,,,,,,
677,2023-06-12 22:10:09.600000+00:00,,,,,,
678,2023-06-12 22:10:11.400000+00:00,,,,,,
679,2023-06-12 22:10:13.200000+00:00,,,,,,
680,2023-06-12 22:10:15+00:00,,,,,,
681,2023-06-12 22:10:16.800000+00:00,,,,,,
682,2023-06-12 22:10:18.600000+00:00,,,,,,
683,2023-06-12 22:10:20.400000+00:00,,,,,,
684,2023-06-12 22:10:22.200000+00:00,,,,,,
685,2023-06-12 22:10:24+00:00,,,,,,
686,2023-06-12 22:10:25.800000+00:00,,,,,,
687,2023-06-12 22:10:27.600000+00:00,,,,,,
688,2023-06-12 22:10:29.400000+00:00,,,,,,
689,2023-06-12 22:10:31.200000+00:00,,,,,,
690,2023-06-12 22:10:33+00:00,,,,,,
691,2023-06-12 22:10:34.800000+00:00,,,,,,
692,2023-06-12 22:10:36.600000+00:00,,,,,,
693,2023-06-12 22:10:38.400000+00:00,,,,,,
694,2023-06-12 22:10:40.200000+00:00,,,,,,
695,2023-06-12 22:10:42+00:00,,,,,,
696,2023-06-12 22:10:43.800000+00:00,,,,,,
697,2023-06-12 22:10:45.600000+00:00,,,,,,
698,2023-06-12 22:10:47.400000+00:00,,,,,,
699,2023-06-12 22:10:49.200000+00:00,,,,,,
700,2023-06-12 22:10:51+00:00,,,,,,
701,2023-06-12 22:10:52.800000+00:00,,,,,,
702,2023-06-12 22:10:54.600000+00:00,,,,,,
703,2023-06-12 22:10:56.400000+00:00,,,,,,
704,2023-06-12 22:10:58.200000+00:00,,,,,,
705,2023-06-12 22:11:00+00:00,,,,,,
706,2023-06-12 22:11:01.800000+00:00,,,,,,
707,2023-06-12 22:11:03.600000+00:00,,,,,,
708,2023-06-12 22:11:05.400000+00:00,,,,,,
709,2023-06-12 22:11:07.200000+00:00,,,,,,
710,2023-06-12 22:11:09+00:00,,,,,,
711,2023-06-12 22:11:10.800000+00:00,,,,,,
712,2023-06-12 22:11:12.600000+00:00,,,,,,
713,2023-06-12 22:11:14.400000+00:00,,,,,,
714,2023-06-12 22:11:16.200000+00:00,,,,,,
715,2023-06-12 22:11:18+00:00,,,,,,
716,2023-06-12 22:11:19.800000+00:00,,,,,,
717,2023-06-12 22:11:21.600000+00:00,,,,,,
718,2023-06-12 22:11:23.400000+00:00,,,,,,
719,2023-06-12 22:11:25.200000+00:00,,,,,,
720,2023-06-12 22:11:27+00:00,,,,,,
721,2023-06-12 22:11:28.800000+00:00,,,,,,
722,2023-06-12 22:11:30.600000+00:00,,,,,,
723,2023-06-12 22:11:32.400000+00:00,,,,,,
724,2023-06-12 22:11:34.200000+00:00,,,,,,
725,2023-06-12 22:11:36+00:00,,,,,,
726,2023-06-12 22:11:37.800000+00:00,,,,,,
727,2023-06-12 22:11:39.600000+00:00,,,,,,
728,2023-06-12 22:11:41.400000+00:00,,,,,,
729,2023-06-12 22:11:43.200000+00:00,,,,,,
730,2023-06-12 22:11:45+00:00,,,,,,
731,2023-06-12 22:11:46.800000+00:00,,,,,,
732,2023-06-12 22:11:48.600000+00:00,,,,,,
733,2023-06-12 22:11:50.400000+00:00,,,,,,
734,2023-06-12 22:11:52.200000+00:00,,,,,,
735,2023-06-12 22:11:54+00:00,,,,,,
736,2023-06-12 22:11:55.800000+00:00,,,,,,
737,2023-06-12 22:11:57.600000+00:00,,,,,,
738,2023-06-12 22:11:59.400000+00:00,,,,,,
739,2023-06-12 22:12:01.200000+00:00,,,,,,
740,2023-06-12 22:12:03+00:00,,,,,,
741,2023-06-12 22:12:04.800000+00:00,,,,,,
742,2023-06-12 22:12:06.600000+00:00,,,,,,
743,2023-06-12 22:12:08.400000+00:00,,,,,,
744,2023-06-12 22:12:10.200000+00:00,,,,,,
745,2023-06-12 22:12:12+00:00,,,,,,
746,2023-06-12 22:12:13.800000+00:00,,,,,,
747,2023-06-12 22:12:15.600000+00:00,,,,,,
748,2023-06-12 22:12:17.400000+00:00,,,,,,
749,2023-06-12 22:12:19.200000+00:00,,,,,,
750,2023-06-12 22:12:21+00:00,,,,,,
751,2023-06-12 22:12:22.800000+00:00,,,,,,
752,2023-06-12 22:12:24.600000+00:00,,,,,,
753,2023-06-12 22:12:26.400000+00:00,,,,,,
754,2023-06-12 22:12:28.200000+00:00,,,,,,
755,2023-06-12 22:12:30+00:00,,,,,,
756,2023-06-12 22:12:31.800000+00:00,,,,,,
757,2023-06-12 22:12:33.600000+00:00,,,,,,
758,2023-06-12 22:12:35.400000+00:00,,,,,,
759,2023-06-12 22:12:37.200000+00:00,,,,,,
760,2023-06-12 22:12:39+00:00,,,,,,
761,2023-06-12 22:12:40.800000+00:00,,,,,,
762,2023-06-12 22:12:42.600000+00:00,,,,,,
763,2023-06-12 22:12:44.400000+00:00,,,,,,
764,2023-06-12 22:12:46.200000+00:00,,,,,,
765,2023-06-12 22:12:48+00:00,,,,,,
766,2023-06-12 22:12:49.800000+00:00,,,,,,
767,2023-06-12 22:12:51.600000+00:00,,,,,,
768,2023-06-12 22:12:53.400000+00:00,,,,,,
769,2023-06-12 22:12:55.200000+00:00,,,,,,
770,2023-06-12 22:12:57+00:00,,,,,,
771,2023-06-12 22:12:58.800000+00:00,,,,,,
772,2023-06-12 22:13:00.600000+00:00,,,,,,
773,2023-06-12 22:13:02.400000+00:00,,,,,,
774,2023-06-12 22:13:04.200000+00:00,,,,,,
775,2023-06-12 22:13:06+00:00,,,,,,
776,2023-06-12 22:13:07.800000+00:00,,,,,,
777,2023-06-12 22:13:09.600000+00:00,,,,,,
778,2023-06-12 22:13:11.400000+00:00,,,,,,
779,2023-06-12 22:13:13.200000+00:00,,,,,,
780,2023-06-12 22:13:15+00:00,,,,,,
781,2023-06-12 22:13:16.800000+00:00,,,,,,
782,2023-06-12 22:13:18.600000+00:00,,,,,,
783,2023-06-12 22:13:20.400000+00:00,,,,,,
784,2023-06-12 22:13:22.200000+00:00,,,,,,
785,2023-06-12 22:13:24+00:00,,,,,,
786,2023-06-12 22:13:25.800000+00:00,,,,,,
787,2023-06-12 22:13:27.600000+00:00,,,,,,
788,2023-06-12 22:13:29.400000+00:00,,,,,,
789,2023-06-12 22:13:31.200000+00:00,,,,,,
790,2023-06-12 22:13:33+00:00,,,,,,
791,2023-06-12 22:13:34.800000+00:00,,,,,,
792,2023-06-12 22:13:36.600000+00:00,,,,,,
793,2023-06-12 22:13:38.400000+00:00,,,,,,
794,2023-06-12 22:13:40.200000+00:00,,,,,,
795,2023-06-12 22:13:42+00:00,,,,,,
796,2023-06-12 22:13:43.800000+00:00,,,,,,
797,2023-06-12 22:13:45.600000+00:00,,,,,,
798,2023-06-12 22:13:47.400000+00:00,,,,,,
799,2023-06-12 22:13:49.200000+00:00,,,,,,
800,2023-06-12 22:13:51+00:00,,,,,,
801,2023-06-12 22:13:52.800000+00:00,,,,,,
802,2023-06-12 22:13:54.600000+00:00,,,,,,
803,2023-06-12 22:13:56.400000+00:00,,,,,,
804,2023-06-12 22:13:58.200000+00:00,,,,,,
805,2023-06-12 22:14:00+00:00,,,,,,
806,2023-06-12 22:14:01.800000+00:00,,,,,,
807,2023-06-12 22:14:03.600000+00:00,,,,,,
808,2023-06-12 22:14:05.400000+00:00,,,,,,
809,2023-06-12 22:14:07.200000+00:00,,,,,,
810,2023-06-12 22:14:09+00:00,,,,,,
811,2023-06-12 22:14:10.800000+00:00,,,,,,
812,2023-06-12 22:14:12.600000+00:00,,,,,,
813,2023-06-12 22:14:14.400000+00:00,,,,,,
814,2023-06-12 22:14:16.200000+00:00,,,,,,
815,2023-06-12 22:14:18+00:00,,,,,,
816,2023-06-12 22:14:19.800000+00:00,,,,,,
817,2023-06-12 22:14:21.600000+00:00,,,,,,
818,2023-06-12 22:14:23.400000+00:00,,,,,,
819,2023-06-12 22:14:25.200000+00:00,,,,,,
820,2023-06-12 22:14:27+00:00,,,,,,
821,2023-06-12 22:14:28.800000+00:00,,,,,,
822,2023-06-12 22:14:30.600000+00:00,,,,,,
823,2023-06-12 22:14:32.400000+00:00,,,,,,
824,2023-06-12 22:14:34.200000+00:00,,,,,,
825,2023-06-12 22:14:36+00:00,,,,,,
826,2023-06-12 22:14:37.800000+00:00,,,,,,
827,2023-06-12 22:14:39.600000+00:00,,,,,,
828,2023-06-12 22:14:41.400000+00:00,,,,,,
829,2023-06-12 22:14:43.200000+00:00,,,,,,
830,2023-06-12 22:14:45+00:00,,,,,,
831,2023-06-12 22:14:46.800000+00:00,,,,,,
832,2023-06-12 22:14:48.600000+00:00,,,,,,
833,2023-06-12 22:14:50.400000+00:00,,,,,,
834,2023-06-12 22:14:52.200000+00:00,,,,,,
835,2023-06-12 22:14:54+00:00,,,,,,
836,2023-06-12 22:14:55.800000+00:00,,,,,,
837,2023-06-12 22:14:57.600000+00:00,,,,,,
838,2023-06-12 22:14:59.400000+00:00,,,,,,
839,2023-06-12 22:15:01.200000+00:00,,,,,,
840,2023-06-12 22:15:03+00:00,,,,,,
841,2023-06-12 22:15:04.800000+00:00,,,,,,
842,2023-06-12 22:15:06.600000+00:00,,,,,,
843,2023-06-12 22:15:08.400000+00:00,,,,,,
844,2023-06-12 22:15:10.200000+00:00,,,,,,
845,2023-06-12 22:15:12+00:00,,,,,,
846,2023-06-12 22:15:13.800000+00:00,,,,,,
847,2023-06-12 22:15:15.600000+00:00,,,,,,
848,2023-06-12 22:15:17.400000+00:00,,,,,,
849,2023-06-12 22:15:19.200000+00:00,,,,,,
850,2023-06-12 22:15:21+00:00,,,,,,
851,2023-06-12 22:15:22.800000+00:00,,,,,,
852,2023-06-12 22:15:24.600000+00:00,,,,,,
853,2023-06-12 22:15:26.400000+00:00,,,,,,
854,2023-06-12 22:15:28.200000+00:00,,,,,,
855,2023-06-12 22:15:30+00:00,,,,,,
856,2023-06-12 22:15:31.800000+00:00,,,,,,
857,2023-06-12 22:15:33.600000+00:00,,,,,,
858,2023-06-12 22:15:35.400000+00:00,,,,,,
859,2023-06-12 22:15:37.200000+00:00,,,,,,
860,2023-06-12 22:15:39+00:00,,,,,,
861,2023-06-12 22:15:40.800000+00:00,,,,,,
862,2023-06-12 22:15:42.600000+00:00,,,,,,
863,2023-06-12 22:15:44.400000+00:00,,,,,,
864,2023-06-12 22:15:46.200000+00:00,,,,,,
865,2023-06-12 22:15:48+00:00,,,,,,
866,2023-06-12 22:15:49.800000+00:00,,,,,,
867,2023-06-12 22:15:51.600000+00:00,,,,,,
868,2023-06-12 22:15:53.400000+00:00,,,,,,
869,2023-06-12 22:15:55.200000+00:00,,,,,,
870,2023-06-12 22:15:57+00:00,,,,,,
871,2023-06-12 22:15:58.800000+00:00,,,,,,
872,2023-06-12 22:16:00.600000+00:00,,,,,,
873,2023-06-12 22:16:02.400000+00:00,,,,,,
874,2023-06-12 22:16:04.200000+00:00,,,,,,
875,2023-06-12 22:16:06+00:00,,,,,,
876,2023-06-12 22:16:07.800000+00:00,,,,,,
877,2023-06-12 22:16:09.600000+00:00,,,,,,
878,2023-06-12 22:16:11.400000+00:00,,,,,,
879,2023-06-12 22:16:13.200000+00:00,,,,,,
880,2023-06-12 22:16:15+00:00,,,,,,
881,2023-06-12 22:16:16.800000+00:00,,,,,,
882,2023-06-12 22:16:18.600000+00:00,,,,,,
883,2023-06-12 22:16:20.400000+00:00,,,,,,
884,2023-06-12 22:16:22.200000+00:00,,,,,,
885,2023-06-12 22:16:24+00:00,,,,,,
886,2023-06-12 22:16:25.800000+00:00,,,,,,
887,2023-06-12 22:16:27.600000+00:00,,,,,,
888,2023-06-12 22:16:29.400000+00:00,,,,,,
889,2023-06-12 22:16:31.200000+00:00,,,,,,
890,2023-06-12 22:16:33+00:00,,,,,,
891,2023-06-12 22:16:34.800000+00:00,,,,,,
892,2023-06-12 22:16:36.600000+00:00,,,,,,
893,2023-06-12 22:16:38.400000+00:00,,,,,,
894,2023-06-12 22:16:40.200000+00:00,,,,,,
895,2023-06-12 22:16:42+00:00,,,,,,
896,2023-06-12 22:16:43.800000+00:00,,,,,,
897,2023-06-12 22:16:45.600000+00:00,,,,,,
898,2023-06-12 22:16:47.400000+00:00,,,,,,
899,2023-06-12 22:16:49.200000+00:00,,,,,,
900,2023-06-12 22:16:51+00:00,,,,,,
901,2023-06-12 22:16:52.800000+00:00,,,,,,
902,2023-06-12 22:16:54.600000+00:00,,,,,,
903,2023-06-12 22:16:56.400000+00:00,,,,,,
904,2023-06-12 22:16:58.200000+00:00,,,,,,
905,2023-06-12 22:17:00+00:00,,,,,,
906,2023-06-12 22:17:01.800000+00:00,,,,,,
907,2023-06-12 22:17:03.600000+00:00,,,,,,
908,2023-06-12 22:17:05.400000+00:00,,,,,,
909,2023-06-12 22:17:07.200000+00:00,,,,,,
910,2023-06-12 22:17:09+00:00,,,,,,
911,2023-06-12 22:17:10.800000+00:00,,,,,,
912,2023-06-12 22:17:12.600000+00:00,,,,,,
913,2023-06-12 22:17:14.400000+00:00,,,,,,
914,2023-06-12 22:17:16.200000+00:00,,,,,,
915,2023-06-12 22:17:18+00:00,,,,,,
916,2023-06-12 22:17:19.800000+00:00,,,,,,
917,2023-06-12 22:17:21.600000+00:00,,,,,,
918,2023-06-12 22:17:23.400000+00:00,,,,,,
919,2023-06-12 22:17:25.200000+00:00,,,,,,
920,2023-06-12 22:17:27+00:00,,,,,,
921,2023-06-12 22:17:28.800000+00:00,,,,,,
922,2023-06-12 22:17:30.600000+00:00,,,,,,
923,2023-06-12 22:17:32.400000+00:00,,,,,,
924,2023-06-12 22:17:34.200000+00:00,,,,,,
925,2023-06-12 22:17:36+00:00,,,,,,
926,2023-06-12 22:17:37.800000+00:00,,,,,,
927,2023-06-12 22:17:39.600000+00:00,,,,,,
928,2023-06-12 22:17:41.400000+00:00,,,,,,
929,2023-06-12 22:17:43.200000+00:00,,,,,,
930,2023-06-12 22:17:45+00:00,,,,,,
931,2023-06-12 22:17:46.800000+00:00,,,,,,
932,2023-06-12 22:17:48.600000+00:00,,,,,,
933,2023-06-12 22:17:50.400000+00:00,,,,,,
934,2023-06-12 22:17:52.200000+00:00,,,,,,
935,2023-06-12 22:17:54+00:00,,,,,,
936,2023-06-12 22:17:55.800000+00:00,,,,,,
937,2023-06-12 22:17:57.600000+00:00,,,,,,
938,2023-06-12 22:17:59.400000+00:00,,,,,,
939,2023-06-12 22:18:01.200000+00:00,,,,,,
940,2023-06-12 22:18:03+00:00,,,,,,
941,2023-06-12 22:18:04.800000+00:00,,,,,,
942,2023-06-12 22:18:06.600000+00:00,,,,,,
943,2023-06-12 22:18:08.400000+00:00,,,,,,
944,2023-06-12 22:18:10.200000+00:00,,,,,,
945,2023-06-12 22:18:12+00:00,,,,,,
946,2023-06-12 22:18:13.800000+00:00,,,,,,
947,2023-06-12 22:18:15.600000+00:00,,,,,,
948,2023-06-12 22:18:17.400000+00:00,,,,,,
949,2023-06-12 22:18:19.200000+00:00,,,,,,
950,2023-06-12 22:18:21+00:00,,,,,,
951,2023-06-12 22:18:22.800000+00:00,,,,,,
952,2023-06-12 22:18:24.600000+00:00,,,,,,
953,2023-06-12 22:18:26.400000+00:00,,,,,,
954,2023-06-12 22:18:28.200000+00:00,,,,,,
955,2023-06-12 22:18:30+00:00,,,,,,
956,2023-06-12 22:18:31.800000+00:00,,,,,,
957,2023-06-12 22:18:33.600000+00:00,,,,,,
958,2023-06-12 22:18:35.400000+00:00,,,,,,
959,2023-06-12 22:18:37.200000+00:00,,,,,,
960,2023-06-12 22:18:39+00:00,,,,,,
961,2023-06-12 22:18:40.800000+00:00,,,,,,
962,2023-06-12 22:18:42.600000+00:00,,,,,,
963,2023-06-12 22:18:44.400000+00:00,,,,,,
964,2023-06-12 22:18:46.200000+00:00,,,,,,
965,2023-06-12 22:18:48+00:00,,,,,,
966,2023-06-12 22:18:49.800000+00:00,,,,,,
967,2023-06-12 22:18:51.600000+00:00,,,,,,
968,2023-06-12 22:18:53.400000+00:00,,,,,,
969,2023-06-12 22:18:55.200000+00:00,,,,,,
970,2023-06-12 22:18:57+00:00,,,,,,
971,2023-06-12 22:18:58.800000+00:00,,,,,,
972,2023-06-12 22:19:00.600000+00:00,,,,,,
973,2023-06-12 22:19:02.400000+00:00,,,,,,
974,2023-06-12 22:19:04.200000+00:00,,,,,,
975,2023-06-12 22:19:06+00:00,,,,,,
976,2023-06-12 22:19:07.800000+00:00,,,,,,
977,2023-06-12 22:19:09.600000+00:00,,,,,,
978,2023-06-12 22:19:11.400000+00:00,,,,,,
979,2023-06-12 22:19:13.200000+00:00,,,,,,
980,2023-06-12 22:19:15+00:00,,,,,,
981,2023-06-12 22:19:16.800000+00:00,,,,,,
982,2023-06-12 22:19:18.600000+00:00,,,,,,
983,2023-06-12 22:19:20.400000+00:00,,,,,,
984,2023-06-12 22:19:22.200000+00:00,,,,,,
985,2023-06-12 22:19:24+00:00,,,,,,
986,2023-06-12 22:19:25.800000+00:00,,,,,,
987,2023-06-12 22:19:27.600000+00:00,,,,,,
988,2023-06-12 22:19:29.400000+00:00,,,,,,
989,2023-06-12 22:19:31.200000+00:00,,,,,,
990,2023-06-12 22:19:33+00:00,,,,,,
991,2023-06-12 22:19:34.800000+00:00,,,,,,
992,2023-06-12 22:19:36.600000+00:00,,,,,,
993,2023-06-12 22:19:38.400000+00:00,,,,,,
994,2023-06-12 22:19:40.200000+00:00,,,,,,
995,2023-06-12 22:19:42+00:00,,,,,,
996,2023-06-12 22:19:43.800000+00:00,,,,,,
997,2023-06-12 22:19:45.600000+00:00,,,,,,
998,2023-06-12 22:19:47.400000+00:00,,,,,,
999,2023-06-12 22:19:49.200000+00:00,,,,,,
1000,2023-06-12 22:19:51+00:00,,,,,,
1001,2023-06-12 22:19:52.800000+00:00,,,,,,
1002,2023-06-12 22:19:54.600000+00:00,,,,,,
1003,2023-06-12 22:19:56.400000+00:00,,,,,,
1004,2023-06-12 22:19:58.200000+00:00,,,,,,
1005,2023-06-12 22:20:00+00:00,,,,,,
1006,2023-06-12 22:20:01.800000+00:00,,,,,,
1007,2023-06-12 22:20:03.600000+00:00,,,,,,
1008,2023-06-12 22:20:05.400000+00:00,,,,,,
1009,2023-06-12 22:20:07.200000+00:00,,,,,,
1010,2023-06-12 22:20:09+00:00,,,,,,
1011,2023-06-12 22:20:10.800000+00:00,,,,,,
1012,2023-06-12 22:20:12.600000+00:00,,,,,,
1013,2023-06-12 22:20:14.400000+00:00,,,,,,
1014,2023-06-12 22:20:16.200000+00:00,,,,,,
1015,2023-06-12 22:20:18+00:00,,,,,,
1016,2023-06-12 22:20:19.800000+00:00,,,,,,
1017,2023-06-12 22:20:21.600000+00:00,,,,,,
1018,2023-06-12 22:20:23.400000+00:00,,,,,,
1019,2023-06-12 22:20:25.200000+00:00,,,,,,
1020,2023-06-12 22:20:27+00:00,,,,,,
1021,2023-06-12 22:20:28.800000+00:00,,,,,,
1022,2023-06-12 22:20:30.600000+00:00,,,,,,
1023,2023-06-12 22:20:32.400000+00:00,,,,,,
1024,2023-06-12 22:20:34.200000+00:00,,,,,,
1025,2023-06-12 22:20:36+00:00,,,,,,
1026,2023-06-12 22:20:37.800000+00:00,,,,,,
1027,2023-06-12 22:20:39.600000+00:00,,,,,,
1028,2023-06-12 22:20:41.400000+00:00,,,,,,
1029,2023-06-12 22:20:43.200000+00:00,,,,,,
1030,2023-06-12 22:20:45+00:00,,,,,,
1031,2023-06-12 22:20:46.800000+00:00,,,,,,
1032,2023-06-12 22:20:48.600000+00:00,,,,,,
1033,2023-06-12 22:20:50.400000+00:00,,,,,,
1034,2023-06-12 22:20:52.200000+00:00,,,,,,
1035,2023-06-12 22:20:54+00:00,,,,,,
1036,2023-06-12 22:20:55.800000+00:00,,,,,,
1037,2023-06-12 22:20:57.600000+00:00,,,,,,
1038,2023-06-12 22:20:59.400000+00:00,,,,,,
1039,2023-06-12 22:21:01.200000+00:00,,,,,,
1040,2023-06-12 22:21:03+00:00,,,,,,
1041,2023-06-12 22:21:04.800000+00:00,,,,,,
1042,2023-06-12 22:21:06.600000+00:00,,,,,,
1043,2023-06-12 22:21:08.400000+00:00,,,,,,
1044,2023-06-12 22:21:10.200000+00:00,,,,,,
1045,2023-06-12 22:21:12+00:00,,,,,,
1046,2023-06-12 22:21:13.800000+00:00,,,,,,
1047,2023-06-12 22:21:15.600000+00:00,,,,,,
1048,2023-06-12 22:21:17.400000+00:00,,,,,,
1049,2023-06-12 22:21:19.200000+00:00,,,,,,
1050,2023-06-12 22:21:21+00:00,,,,,,
1051,2023-06-12 22:21:22.800000+00:00,,,,,,
1052,2023-06-12 22:21:24.600000+00:00,,,,,,
1053,2023-06-12 22:21:26.400000+00:00,,,,,,
1054,2023-06-12 22:21:28.200000+00:00,,,,,,
1055,2023-06-12 22:21:30+00:00,,,,,,
1056,2023-06-12 22:21:31.800000+00:00,,,,,,
1057,2023-06-12 22:21:33.600000+00:00,,,,,,
1058,2023-06-12 22:21:35.400000+00:00,,,,,,
1059,2023-06-12 22:21:37.200000+00:00,,,,,,
1060,2023-06-12 22:21:39+00:00,,,,,,
1061,2023-06-12 22:21:40.800000+00:00,,,,,,
1062,2023-06-12 22:21:42.600000+00:00,,,,,,
1063,2023-06-12 22:21:44.400000+00:00,,,,,,
1064,2023-06-12 22:21:46.200000+00:00,,,,,,
1065,2023-06-12 22:21:48+00:00,,,,,,
1066,2023-06-12 22:21:49.800000+00:00,,,,,,
1067,2023-06-12 22:21:51.600000+00:00,,,,,,
1068,2023-06-12 22:21:53.400000+00:00,,,,,,
1069,2023-06-12 22:21:55.200000+00:00,,,,,,
1070,2023-06-12 22:21:57+00:00,,,,,,
1071,2023-06-12 22:21:58.800000+00:00,,,,,,
1072,2023-06-12 22:22:00.600000+00:00,,,,,,
1073,2023-06-12 22:22:02.400000+00:00,,,,,,
1074,2023-06-12 22:22:04.200000+00:00,,,,,,
1075,2023-06-12 22:22:06+00:00,,,,,,
1076,2023-06-12 22:22:07.800000+00:00,,,,,,
1077,2023-06-12 22:22:09.600000+00:00,,,,,,
1078,2023-06-12 22:22:11.400000+00:00,,,,,,
1079,2023-06-12 22:22:13.200000+00:00,,,,,,
1080,2023-06-12 22:22:15+00:00,,,,,,
1081,2023-06-12 22:22:16.800000+00:00,,,,,,
1082,2023-06-12 22:22:18.600000+00:00,,,,,,
1083,2023-06-12 22:22:20.400000+00:00,,,,,,
1084,2023-06-12 22:22:22.200000+00:00,,,,,,
1085,2023-06-12 22:22:24+00:00,,,,,,
1086,2023-06-12 22:22:25.800000+00:00,,,,,,
1087,2023-06-12 22:22:27.600000+00:00,,,,,,
1088,2023-06-12 22:22:29.400000+00:00,,,,,,
1089,2023-06-12 22:22:31.200000+00:00,,,,,,
1090,2023-06-12 22:22:33+00:00,,,,,,
1091,2023-06-12 22:22:34.800000+00:00,,,,,,
1092,2023-06-12 22:22:36.600000+00:00,,,,,,
1093,2023-06-12 22:22:38.400000+00:00,,,,,,
1094,2023-06-12 22:22:40.200000+00:00,,,,,,
1095,2023-06-12 22:22:42+00:00,,,,,,
1096,2023-06-12 22:22:43.800000+00:00,,,,,,
1097,2023-06-12 22:22:45.600000+00:00,,,,,,
1098,2023-06-12 22:22:47.400000+00:00,,,,,,
1099,2023-06-12 22:22:49.200000+00:00,,,,,,
1100,2023-06-12 22:22:51+00:00,,,,,,
1101,2023-06-12 22:22:52.800000+00:00,,,,,,
1102,2023-06-12 22:22:54.600000+00:00,,,,,,
1103,2023-06-12 22:22:56.400000+00:00,,,,,,
1104,2023-06-12 22:22:58.200000+00:00,,,,,,
1105,2023-06-12 22:23:00+00:00,,,,,,
1106,2023-06-12 22:23:01.800000+00:00,,,,,,
1107,2023-06-12 22:23:03.600000+00:00,,,,,,
1108,2023-06-12 22:23:05.400000+00:00,,,,,,
1109,2023-06-12 22:23:07.200000+00:00,,,,,,
1110,2023-06-12 22:23:09+00:00,,,,,,
1111,2023-06-12 22:23:10.800000+00:00,,,,,,
1112,2023-06-12 22:23:12.600000+00:00,,,,,,
1113,2023-06-12 22:23:14.400000+00:00,,,,,,
1114,2023-06-12 22:23:16.200000+00:00,,,,,,
1115,2023-06-12 22:23:18+00:00,,,,,,
1116,2023-06-12 22:23:19.800000+00:00,,,,,,
1117,2023-06-12 22:23:21.600000+00:00,,,,,,
1118,2023-06-12 22:23:23.400000+00:00,,,,,,
1119,2023-06-12 22:23:25.200000+00:00,,,,,,
1120,2023-06-12 22:23:27+00:00,,,,,,
1121,2023-06-12 22:23:28.800000+00:00,,,,,,
1122,2023-06-12 22:23:30.600000+00:00,,,,,,
1123,2023-06-12 22:23:32.400000+00:00,,,,,,
1124,2023-06-12 22:23:34.200000+00:00,,,,,,
1125,2023-06-12 22:23:36+00:00,,,,,,
1126,2023-06-12 22:23:37.800000+00:00,,,,,,
1127,2023-06-12 22:23:39.600000+00:00,,,,,,
1128,2023-06-12 22:23:41.400000+00:00,,,,,,
1129,2023-06-12 22:23:43.200000+00:00,,,,,,
1130,2023-06-12 22:23:45+00:00,,,,,,
1131,2023-06-12 22:23:46.800000+00:00,,,,,,
1132,2023-06-12 22:23:48.600000+00:00,,,,,,
1133,2023-06-12 22:23:50.400000+00:00,,,,,,
1134,2023-06-12 22:23:52.200000+00:00,,,,,,
1135,2023-06-12 22:23:54+00:00,,,,,,
1136,2023-06-12 22:23:55.800000+00:00,,,,,,
1137,2023-06-12 22:23:57.600000+00:00,,,,,,
1138,2023-06-12 22:23:59.400000+00:00,,,,,,
1139,2023-06-12 22:24:01.200000+00:00,,,,,,
1140,2023-06-12 22:24:03+00:00,,,,,,
1141,2023-06-12 22:24:04.800000+00:00,,,,,,
1142,2023-06-12 22:24:06.600000+00:00,,,,,,
1143,2023-06-12 22:24:08.400000+00:00,,,,,,
1144,2023-06-12 22:24:10.200000+00:00,,,,,,
1145,2023-06-12 22:24:12+00:00,,,,,,
1146,2023-06-12 22:24:13.800000+00:00,,,,,,
1147,2023-06-12 22:24:15.600000+00:00,,,,,,
1148,2023-06-12 22:24:17.400000+00:00,,,,,,
1149,2023-06-12 22:24:19.200000+00:00,,,,,,
1150,2023-06-12 22:24:21+00:00,,,,,,
1151,2023-06-12 22:24:22.800000+00:00,,,,,,
1152,2023-06-12 22:24:24.600000+00:00,,,,,,
1153,2023-06-12 22:24:26.400000+00:00,,,,,,
1154,2023-06-12 22:24:28.200000+00:00,,,,,,
1155,2023-06-12 22:24:30+00:00,,,,,,
1156,2023-06-12 22:24:31.800000+00:00,,,,,,
1157,2023-06-12 22:24:33.600000+00:00,,,,,,
1158,2023-06-12 22:24:35.400000+00:00,,,,,,
1159,2023-06-12 22:24:37.200000+00:00,,,,,,
1160,2023-06-12 22:24:39+00:00,,,,,,
1161,2023-06-12 22:24:40.800000+00:00,,,,,,
1162,2023-06-12 22:24:42.600000+00:00,,,,,,
1163,2023-06-12 22:24:44.400000+00:00,,,,,,
1164,2023-06-12 22:24:46.200000+00:00,,,,,,
1165,2023-06-12 22:24:48+00:00,,,,,,
1166,2023-06-12 22:24:49.800000+00:00,,,,,,
1167,2023-06-12 22:24:51.600000+00:00,,,,,,
1168,2023-06-12 22:24:53.400000+00:00,,,,,,
1169,2023-06-12 22:24:55.200000+00:00,,,,,,
1170,2023-06-12 22:24:57+00:00,,,,,,
1171,2023-06-12 22:24:58.800000+00:00,,,,,,
1172,2023-06-12 22:25:00.600000+00:00,,,,,,
1173,2023-06-12 22:25:02.400000+00:00,,,,,,
1174,2023-06-12 22:25:04.200000+00:00,,,,,,
1175,2023-06-12 22:25:06+00:00,,,,,,
1176,2023-06-12 22:25:07.800000+00:00,,,,,,
1177,2023-06-12 22:25:09.600000+00:00,,,,,,
1178,2023-06-12 22:25:11.400000+00:00,,,,,,
1179,2023-06-12 22:25:13.200000+00:00,,,,,,
1180,2023-06-12 22:25:15+00:00,,,,,,
1181,2023-06-12 22:25:16.800000+00:00,,,,,,
1182,2023-06-12 22:25:18.600000+00:00,,,,,,
1183,2023-06-12 22:25:20.400000+00:00,,,,,,
1184,2023-06-12 22:25:22.200000+00:00,,,,,,
1185,2023-06-12 22:25:24+00:00,,,,,,
1186,2023-06-12 22:25:25.800000+00:00,,,,,,
1187,2023-06-12 22:25:27.600000+00:00,,,,,,
1188,2023-06-12 22:25:29.400000+00:00,,,,,,
1189,2023-06-12 22:25:31.200000+00:00,,,,,,
1190,2023-06-12 22:25:33+00:00,,,,,,
1191,2023-06-12 22:25:34.800000+00:00,,,,,,
1192,2023-06-12 22:25:36.600000+00:00,,,,,,
1193,2023-06-12 22:25:38.400000+00:00,,,,,,
1194,2023-06-12 22:25:40.200000+00:00,,,,,,
1195,2023-06-12 22:25:42+00:00,,,,,,
1196,2023-06-12 22:25:43.800000+00:00,,,,,,
1197,2023-06-12 22:25:45.600000+00:00,,,,,,
1198,2023-06-12 22:25:47.400000+00:00,,,,,,
1199,2023-06-12 22:25:49.200000+00:00,,,,,,
1200,2023-06-12 22:25:51+00:00,,,,,,
1201,2023-06-12 22:25:52.800000+00:00,,,,,,
1202,2023-06-12 22:25:54.600000+00:00,,,,,,
1203,2023-06-12 22:25:56.400000+00:00,,,,,,
1204,2023-06-12 22:25:58.200000+00:00,,,,,,
1205,2023-06-12 22:26:00+00:00,,,,,,
1206,2023-06-12 22:26:01.800000+00:00,,,,,,
1207,2023-06-12 22:26:03.600000+00:00,,,,,,
1208,2023-06-12 22:26:05.400000+00:00,,,,,,
1209,2023-06-12 22:26:07.200000+00:00,,,,,,
1210,2023-06-12 22:26:09+00:00,,,,,,
1211,2023-06-12 22:26:10.800000+00:00,,,,,,
1212,2023-06-12 22:26:12.600000+00:00,,,,,,
1213,2023-06-12 22:26:14.400000+00:00,,,,,,
1214,2023-06-12 22:26:16.200000+00:00,,,,,,
1215,2023-06-12 22:26:18+00:00,,,,,,
1216,2023-06-12 22:26:19.800000+00:00,,,,,,
1217,2023-06-12 22:26:21.600000+00:00,,,,,,
1218,2023-06-12 22:26:23.400000+00:00,,,,,,
1219,2023-06-12 22:26:25.200000+00:00,,,,,,
1220,2023-06-12 22:26:27+00:00,,,,,,
1221,2023-06-12 22:26:28.800000+00:00,,,,,,
1222,2023-06-12 22:26:30.600000+00:00,,,,,,
1223,2023-06-12 22:26:32.400000+00:00,,,,,,
1224,2023-06-12 22:26:34.200000+00:00,,,,,,
1225,2023-06-12 22:26:36+00:00,,,,,,
1226,2023-06-12 22:26:37.800000+00:00,,,,,,
1227,2023-06-12 22:26:39.600000+00:00,,,,,,
1228,2023-06-12 22:26:41.400000+00:00,,,,,,
1229,2023-06-12 22:26:43.200000+00:00,,,,,,
1230,2023-06-12 22:26:45+00:00,,,,,,
1231,2023-06-12 22:26:46.800000+00:00,,,,,,
1232,2023-06-12 22:26:48.600000+00:00,,,,,,
1233,2023-06-12 22:26:50.400000+00:00,,,,,,
1234,2023-06-12 22:26:52.200000+00:00,,,,,,
1235,2023-06-12 22:26:54+00:00,,,,,,
1236,2023-06-12 22:26:55.800000+00:00,,,,,,
1237,2023-06-12 22:26:57.600000+00:00,,,,,,
1238,2023-06-12 22:26:59.400000+00:00,,,,,,
1239,2023-06-12 22:27:01.200000+00:00,,,,,,
1240,2023-06-12 22:27:03+00:00,,,,,,
1241,2023-06-12 22:27:04.800000+00:00,,,,,,
1242,2023-06-12 22:27:06.600000+00:00,,,,,,
1243,2023-06-12 22:27:08.400000+00:00,,,,,,
1244,2023-06-12 22:27:10.200000+00:00,,,,,,
1245,2023-06-12 22:27:12+00:00,,,,,,
1246,2023-06-12 22:27:13.800000+00:00,,,,,,
1247,2023-06-12 22:27:15.600000+00:00,,,,,,
1248,2023-06-12 22:27:17.400000+00:00,,,,,,
1249,2023-06-12 22:27:19.200000+00:00,,,,,,
1250,2023-06-12 22:27:21+00:00,,,,,,
1251,2023-06-12 22:27:22.800000+00:00,,,,,,
1252,2023-06-12 22:27:24.600000+00:00,,,,,,
1253,2023-06-12 22:27:26.400000+00:00,,,,,,
1254,2023-06-12 22:27:28.200000+00:00,,,,,,
1255,2023-06-12 22:27:30+00:00,,,,,,
1256,2023-06-12 22:27:31.800000+00:00,,,,,,
1257,2023-06-12 22:27:33.600000+00:00,,,,,,
1258,2023-06-12 22:27:35.400000+00:00,,,,,,
1259,2023-06-12 22:27:37.200000+00:00,,,,,,
1260,2023-06-12 22:27:39+00:00,,,,,,
1261,2023-06-12 22:27:40.800000+00:00,,,,,,
1262,2023-06-12 22:27:42.600000+00:00,,,,,,
1263,2023-06-12 22:27:44.400000+00:00,,,,,,
1264,2023-06-12 22:27:46.200000+00:00,,,,,,
1265,2023-06-12 22:27:48+00:00,,,,,,
1266,2023-06-12 22:27:49.800000+00:00,,,,,,
1267,2023-06-12 22:27:51.600000+00:00,,,,,,
1268,2023-06-12 22:27:53.400000+00:00,,,,,,
1269,2023-06-12 22:27:55.200000+00:00,,,,,,
1270,2023-06-12 22:27:57+00:00,,,,,,
1271,2023-06-12 22:27:58.800000+00:00,,,,,,
1272,2023-06-12 22:28:00.600000+00:00,,,,,,
1273,2023-06-12 22:28:02.400000+00:00,,,,,,
1274,2023-06-12 22:28:04.200000+00:00,,,,,,
1275,2023-06-12 22:28:06+00:00,,,,,,
1276,2023-06-12 22:28:07.800000+00:00,,,,,,
1277,2023-06-12 22:28:09.600000+00:00,,,,,,
1278,2023-06-12 22:28:11.400000+00:00,,,,,,
1279,2023-06-12 22:28:13.200000+00:00,,,,,,
1280,2023-06-12 22:28:15+00:00,,,,,,
1281,2023-06-12 22:28:16.800000+00:00,,,,,,
1282,2023-06-12 22:28:18.600000+00:00,,,,,,
1283,2023-06-12 22:28:20.400000+00:00,,,,,,
1284,2023-06-12 22:28:22.200000+00:00,,,,,,
1285,2023-06-12 22:28:24+00:00,,,,,,
1286,2023-06-12 22:28:25.800000+00:00,,,,,,
1287,2023-06-12 22:28:27.600000+00:00,,,,,,
1288,2023-06-12 22:28:29.400000+00:00,,,,,,
1289,2023-06-12 22:28:31.200000+00:00,,,,,,
1290,2023-06-12 22:28:33+00:00,,,,,,
1291,2023-06-12 22:28:34.800000+00:00,,,,,,
1292,2023-06-12 22:28:36.600000+00:00,,,,,,
1293,2023-06-12 22:28:38.400000+00:00,,,,,,
1294,2023-06-12 22:28:40.200000+00:00,,,,,,
1295,2023-06-12 22:28:42+00:00,,,,,,
1296,2023-06-12 22:28:43.800000+00:00,,,,,,
1297,2023-06-12 22:28:45.600000+00:00,,,,,,
1298,2023-06-12 22:28:47.400000+00:00,,,,,,
1299,2023-06-12 22:28:49.200000+00:00,,,,,,
1300,2023-06-12 22:28:51+00:00,,,,,,
1301,2023-06-12 22:28:52.800000+00:00,,,,,,
1302,2023-06-12 22:28:54.600000+00:00,,,,,,
1303,2023-06-12 22:28:56.400000+00:00,,,,,,
1304,2023-06-12 22:28:58.200000+00:00,,,,,,
1305,2023-06-12 22:29:00+00:00,,,,,,
1306,2023-06-12 22:29:01.800000+00:00,,,,,,
1307,2023-06-12 22:29:03.600000+00:00,,,,,,
1308,2023-06-12 22:29:05.400000+00:00,,,,,,
1309,2023-06-12 22:29:07.200000+00:00,,,,,,
1310,2023-06-12 22:29:09+00:00,,,,,,
1311,2023-06-12 22:29:10.800000+00:00,,,,,,
1312,2023-06-12 22:29:12.600000+00:00,,,,,,
1313,2023-06-12 22:29:14.400000+00:00,,,,,,
1314,2023-06-12 22:29:16.200000+00:00,,,,,,
1315,2023-06-12 22:29:18+00:00,,,,,,
1316,2023-06-12 22:29:19.800000+00:00,,,,,,
1317,2023-06-12 22:29:21.600000+00:00,,,,,,
1318,2023-06-12 22:29:23.400000+00:00,,,,,,
1319,2023-06-12 22:29:25.200000+00:00,,,,,,
1320,2023-06-12 22:29:27+00:00,,,,,,
1321,2023-06-12 22:29:28.800000+00:00,,,,,,
1322,2023-06-12 22:29:30.600000+00:00,,,,,,
1323,2023-06-12 22:29:32.400000+00:00,,,,,,
1324,2023-06-12 22:29:34.200000+00:00,,,,,,
1325,2023-06-12 22:29:36+00:00,,,,,,
1326,2023-06-12 22:29:37.800000+00:00,,,,,,
1327,2023-06-12 22:29:39.600000+00:00,,,,,,
1328,2023-06-12 22:29:41.400000+00:00,,,,,,
1329,2023-06-12 22:29:43.200000+00:00,,,,,,
1330,2023-06-12 22:29:45+00:00,,,,,,
1331,2023-06-12 22:29:46.800000+00:00,,,,,,
1332,2023-06-12 22:29:48.600000+00:00,,,,,,
1333,2023-06-12 22:29:50.400000+00:00,,,,,,
1334,2023-06-12 22:29:52.200000+00:00,,,,,,
1335,2023-06-12 22:29:54+00:00,,,,,,
1336,2023-06-12 22:29:55.800000+00:00,,,,,,
1337,2023-06-12 22:29:57.600000+00:00,,,,,,
1338,2023-06-12 22:29:59.400000+00:00,,,,,,
1339,2023-06-12 22:30:01.200000+00:00,,,,,,
1340,2023-06-12 22:30:03+00:00,,,,,,
1341,2023-06-12 22:30:04.800000+00:00,,,,,,
1342,2023-06-12 22:30:06.600000+00:00,,,,,,
1343,2023-06-12 22:30:08.400000+00:00,,,,,,
1344,2023-06-12 22:30:10.200000+00:00,,,,,,
1345,2023-06-12 22:30:12+00:00,,,,,,
1346,2023-06-12 22:30:13.800000+00:00,,,,,,
1347,2023-06-12 22:30:15.600000+00:00,,,,,,
1348,2023-06-12 22:30:17.400000+00:00,,,,,,
1349,2023-06-12 22:30:19.200000+00:00,,,,,,
1350,2023-06-12 22:30:21+00:00,,,,,,
1351,2023-06-12 22:30:22.800000+00:00,,,,,,
1352,2023-06-12 22:30:24.600000+00:00,,,,,,
1353,2023-06-12 22:30:26.400000+00:00,,,,,,
1354,2023-06-12 22:30:28.200000+00:00,,,,,,
1355,2023-06-12 22:30:30+00:00,,,,,,
1356,2023-06-12 22:30:31.800000+00:00,,,,,,
1357,2023-06-12 22:30:33.600000+00:00,,,,,,
1358,2023-06-12 22:30:35.400000+00:00,,,,,,
1359,2023-06-12 22:30:37.200000+00:00,,,,,,
1360,2023-06-12 22:30:39+00:00,,,,,,
1361,2023-06-12 22:30:40.800000+00:00,,,,,,
1362,2023-06-12 22:30:42.600000+00:00,,,,,,
1363,2023-06-12 22:30:44.400000+00:00,,,,,,
1364,2023-06-12 22:30:46.200000+00:00,,,,,,
1365,2023-06-12 22:30:48+00:00,,,,,,
1366,2023-06-12 22:30:49.800000+00:00,,,,,,
1367,2023-06-12 22:30:51.600000+00:00,,,,,,
1368,2023-06-12 22:30:53.400000+00:00,,,,,,
1369,2023-06-12 22:30:55.200000+00:00,,,,,,
1370,2023-06-12 22:30:57+00:00,,,,,,
1371,2023-06-12 22:30:58.800000+00:00,,,,,,
1372,2023-06-12 22:31:00.600000+00:00,,,,,,
1373,2023-06-12 22:31:02.400000+00:00,,,,,,
1374,2023-06-12 22:31:04.200000+00:00,,,,,,
1375,2023-06-12 22:31:06+00:00,,,,,,
1376,2023-06-12 22:31:07.800000+00:00,,,,,,
1377,2023-06-12 22:31:09.600000+00:00,,,,,,
1378,2023-06-12 22:31:11.400000+00:00,,,,,,
1379,2023-06-12 22:31:13.200000+00:00,,,,,,
1380,2023-06-12 22:31:15+00:00,,,,,,
1381,2023-06-12 22:31:16.800000+00:00,,,,,,
1382,2023-06-12 22:31:18.600000+00:00,,,,,,
1383,2023-06-12 22:31:20.400000+00:00,,,,,,
1384,2023-06-12 22:31:22.200000+00:00,,,,,,
1385,2023-06-12 22:31:24+00:00,,,,,,
1386,2023-06-12 22:31:25.800000+00:00,,,,,,
1387,2023-06-12 22:31:27.600000+00:00,,,,,,
1388,2023-06-12 22:31:29.400000+00:00,,,,,,
1389,2023-06-12 22:31:31.200000+00:00,,,,,,
1390,2023-06-12 22:31:33+00:00,,,,,,
1391,2023-06-12 22:31:34.800000+00:00,,,,,,
1392,2023-06-12 22:31:36.600000+00:00,,,,,,
1393,2023-06-12 22:31:38.400000+00:00,,,,,,
1394,2023-06-12 22:31:40.200000+00:00,,,,,,
1395,2023-06-12 22:31:42+00:00,,,,,,
1396,2023-06-12 22:31:43.800000+00:00,,,,,,
1397,2023-06-12 22:31:45.600000+00:00,,,,,,
1398,2023-06-12 22:31:47.400000+00:00,,,,,,
1399,2023-06-12 22:31:49.200000+00:00,,,,,,
1400,2023-06-12 22:31:51+00:00,,,,,,
1401,2023-06-12 22:31:52.800000+00:00,,,,,,
1402,2023-06-12 22:31:54.600000+00:00,,,,,,
1403,2023-06-12 22:31:56.400000+00:00,,,,,,
1404,2023-06-12 22:31:58.200000+00:00,,,,,,
1405,2023-06-12 22:32:00+00:00,,,,,,
1406,2023-06-12 22:32:01.800000+00:00,,,,,,
1407,2023-06-12 22:32:03.600000+00:00,,,,,,
1408,2023-06-12 22:32:05.400000+00:00,,,,,,
1409,2023-06-12 22:32:07.200000+00:00,,,,,,
1410,2023-06-12 22:32:09+00:00,,,,,,
1411,2023-06-12 22:32:10.800000+00:00,,,,,,
1412,2023-06-12 22:32:12.600000+00:00,,,,,,
1413,2023-06-12 22:32:14.400000+00:00,,,,,,
1414,2023-06-12 22:32:16.200000+00:00,,,,,,
1415,2023-06-12 22:32:18+00:00,,,,,,
1416,2023-06-12 22:32:19.800000+00:00,,,,,,
1417,2023-06-12 22:32:21.600000+00:00,,,,,,
1418,2023-06-12 22:32:23.400000+00:00,,,,,,
1419,2023-06-12 22:32:25.200000+00:00,,,,,,
1420,2023-06-12 22:32:27+00:00,,,,,,
1421,2023-06-12 22:32:28.800000+00:00,,,,,,
1422,2023-06-12 22:32:30.600000+00:00,,,,,,
1423,2023-06-12 22:32:32.400000+00:00,,,,,,
1424,2023-06-12 22:32:34.200000+00:00,,,,,,
1425,2023-06-12 22:32:36+00:00,,,,,,
1426,2023-06-12 22:32:37.800000+00:00,,,,,,
1427,2023-06-12 22:32:39.600000+00:00,,,,,,
1428,2023-06-12 22:32:41.400000+00:00,,,,,,
1429,2023-06-12 22:32:43.200000+00:00,,,,,,
1430,2023-06-12 22:32:45+00:00,,,,,,
1431,2023-06-12 22:32:46.800000+00:00,,,,,,
1432,2023-06-12 22:32:48.600000+00:00,,,,,,
1433,2023-06-12 22:32:50.400000+00:00,,,,,,
1434,2023-06-12 22:32:52.200000+00:00,,,,,,
1435,2023-06-12 22:32:54+00:00,,,,,,
1436,2023-06-12 22:32:55.800000+00:00,,,,,,
1437,2023-06-12 22:32:57.600000+00:00,,,,,,
1438,2023-06-12 22:32:59.400000+00:00,,,,,,
1439,2023-06-12 22:33:01.200000+00:00,,,,,,
1440,2023-06-12 22:33:03+00:00,,,,,,
1441,2023-06-12 22:33:04.800000+00:00,,,,,,
1442,2023-06-12 22:33:06.600000+00:00,,,,,,
1443,2023-06-12 22:33:08.400000+00:00,,,,,,
1444,2023-06-12 22:33:10.200000+00:00,,,,,,
1445,2023-06-12 22:33:12+00:00,,,,,,
1446,2023-06-12 22:33:13.800000+00:00,,,,,,
1447,2023-06-12 22:33:15.600000+00:00,,,,,,
1448,2023-06-12 22:33:17.400000+00:00,,,,,,
1449,2023-06-12 22:33:19.200000+00:00,,,,,,
1450,2023-06-12 22:33:21+00:00,,,,,,
1451,2023-06-12 22:33:22.800000+00:00,,,,,,
1452,2023-06-12 22:33:24.600000+00:00,,,,,,
1453,2023-06-12 22:33:26.400000+00:00,,,,,,
1454,2023-06-12 22:33:28.200000+00:00,,,,,,
1455,2023-06-12 22:33:30+00:00,,,,,,
1456,2023-06-12 22:33:31.800000+00:00,,,,,,
1457,2023-06-12 22:33:33.600000+00:00,,,,,,
1458,2023-06-12 22:33:35.400000+00:00,,,,,,
1459,2023-06-12 22:33:37.200000+00:00,,,,,,
1460,2023-06-12 22:33:39+00:00,,,,,,
1461,2023-06-12 22:33:40.800000+00:00,,,,,,
1462,2023-06-12 22:33:42.600000+00:00,,,,,,
1463,2023-06-12 22:33:44.400000+00:00,,,,,,
1464,2023-06-12 22:33:46.200000+00:00,,,,,,
1465,2023-06-12 22:33:48+00:00,,,,,,
1466,2023-06-12 22:33:49.800000+00:00,,,,,,
1467,2023-06-12 22:33:51.600000+00:00,,,,,,
1468,2023-06-12 22:33:53.400000+00:00,,,,,,
1469,2023-06-12 22:33:55.200000+00:00,,,,,,
1470,2023-06-12 22:33:57+00:00,,,,,,
1471,2023-06-12 22:33:58.800000+00:00,,,,,,
1472,2023-06-12 22:34:00.600000+00:00,,,,,,
1473,2023-06-12 22:34:02.400000+00:00,,,,,,
1474,2023-06-12 22:34:04.200000+00:00,,,,,,
1475,2023-06-12 22:34:06+00:00,,,,,,
1476,2023-06-12 22:34:07.800000+00:00,,,,,,
1477,2023-06-12 22:34:09.600000+00:00,,,,,,
1478,2023-06-12 22:34:11.400000+00:00,,,,,,
1479,2023-06-12 22:34:13.200000+00:00,,,,,,
1480,2023-06-12 22:34:15+00:00,,,,,,
1481,2023-06-12 22:34:16.800000+00:00,,,,,,
1482,2023-06-12 22:34:18.600000+00:00,,,,,,
1483,2023-06-12 22:34:20.400000+00:00,,,,,,
1484,2023-06-12 22:34:22.200000+00:00,,,,,,
1485,2023-06-12 22:34:24+00:00,,,,,,
1486,2023-06-12 22:34:25.800000+00:00,,,,,,
1487,2023-06-12 22:34:27.600000+00:00,,,,,,
1488,2023-06-12 22:34:29.400000+00:00,,,,,,
1489,2023-06-12 22:34:31.200000+00:00,,,,,,
1490,2023-06-12 22:34:33+00:00,,,,,,
1491,2023-06-12 22:34:34.800000+00:00,,,,,,
1492,2023-06-12 22:34:36.600000+00:00,,,,,,
1493,2023-06-12 22:34:38.400000+00:00,,,,,,
1494,2023-06-12 22:34:40.200000+00:00,,,,,,
1495,2023-06-12 22:34:42+00:00,,,,,,
1496,2023-06-12 22:34:43.800000+00:00,,,,,,
1497,2023-06-12 22:34:45.600000+00:00,,,,,,
1498,2023-06-12 22:34:47.400000+00:00,,,,,,
1499,2023-06-12 22:34:49.200000+00:00,,,,,,
1500,2023-06-12 22:34:51+00:00,,,,,,
1501,2023-06-12 22:34:52.800000+00:00,,,,,,
1502,2023-06-12 22:34:54.600000+00:00,,,,,,
1503,2023-06-12 22:34:56.400000+00:00,,,,,,
1504,2023-06-12 22:34:58.200000+00:00,,,,,,
1505,2023-06-12 22:35:00+00:00,,,,,,
1506,2023-06-12 22:35:01.800000+00:00,,,,,,
1507,2023-06-12 22:35:03.600000+00:00,,,,,,
1508,2023-06-12 22:35:05.400000+00:00,,,,,,
1509,2023-06-12 22:35:07.200000+00:00,,,,,,
1510,2023-06-12 22:35:09+00:00,,,,,,
1511,2023-06-12 22:35:10.800000+00:00,,,,,,
1512,2023-06-12 22:35:12.600000+00:00,,,,,,
1513,2023-06-12 22:35:14.400000+00:00,,,,,,
1514,2023-06-12 22:35:16.200000+00:00,,,,,,
1515,2023-06-12 22:35:18+00:00,,,,,,
1516,2023-06-12 22:35:19.800000+00:00,,,,,,
1517,2023-06-12 22:35:21.600000+00:00,,,,,,
1518,2023-06-12 22:35:23.400000+00:00,,,,,,
1519,2023-06-12 22:35:25.200000+00:00,,,,,,
1520,2023-06-12 22:35:27+00:00,,,,,,
1521,2023-06-12 22:35:28.800000+00:00,,,,,,
1522,2023-06-12 22:35:30.600000+00:00,,,,,,
1523,2023-06-12 22:35:32.400000+00:00,,,,,,
1524,2023-06-12 22:35:34.200000+00:00,,,,,,
1525,2023-06-12 22:35:36+00:00,,,,,,
1526,2023-06-12 22:35:37.800000+00:00,,,,,,
1527,2023-06-12 22:35:39.600000+00:00,,,,,,
1528,2023-06-12 22:35:41.400000+00:00,,,,,,
1529,2023-06-12 22:35:43.200000+00:00,,,,,,
1530,2023-06-12 22:35:45+00:00,,,,,,
1531,2023-06-12 22:35:46.800000+00:00,,,,,,
1532,2023-06-12 22:35:48.600000+00:00,,,,,,
1533,2023-06-12 22:35:50.400000+00:00,,,,,,
1534,2023-06-12 22:35:52.200000+00:00,,,,,,
1535,2023-06-12 22:35:54+00:00,,,,,,
1536,2023-06-12 22:35:55.800000+00:00,,,,,,
1537,2023-06-12 22:35:57.600000+00:00,,,,,,
1538,2023-06-12 22:35:59.400000+00:00,,,,,,
1539,2023-06-12 22:36:01.200000+00:00,,,,,,
1540,2023-06-12 22:36:03+00:00,,,,,,
1541,2023-06-12 22:36:04.800000+00:00,,,,,,
1542,2023-06-12 22:36:06.600000+00:00,,,,,,
1543,2023-06-12 22:36:08.400000+00:00,,,,,,
1544,2023-06-12 22:36:10.200000+00:00,,,,,,
1545,2023-06-12 22:36:12+00:00,,,,,,
1546,2023-06-12 22:36:13.800000+00:00,,,,,,
1547,2023-06-12 22:36:15.600000+00:00,,,,,,
1548,2023-06-12 22:36:17.400000+00:00,,,,,,
1549,2023-06-12 22:36:19.200000+00:00,,,,,,
1550,2023-06-12 22:36:21+00:00,,,,,,
1551,2023-06-12 22:36:22.800000+00:00,,,,,,
1552,2023-06-12 22:36:24.600000+00:00,,,,,,
1553,2023-06-12 22:36:26.400000+00:00,,,,,,
1554,2023-06-12 22:36:28.200000+00:00,,,,,,
1555,2023-06-12 22:36:30+00:00,,,,,,
1556,2023-06-12 22:36:31.800000+00:00,,,,,,
1557,2023-06-12 22:36:33.600000+00:00,,,,,,
1558,2023-06-12 22:36:35.400000+00:00,,,,,,
1559,2023-06-12 22:36:37.200000+00:00,,,,,,
1560,2023-06-12 22:36:39+00:00,,,,,,
1561,2023-06-12 22:36:40.800000+00:00,,,,,,
1562,2023-06-12 22:36:42.600000+00:00,,,,,,
1563,2023-06-12 22:36:44.400000+00:00,,,,,,
1564,2023-06-12 22:36:46.200000+00:00,,,,,,
1565,2023-06-12 22:36:48+00:00,,,,,,
1566,2023-06-12 22:36:49.800000+00:00,,,,,,
1567,2023-06-12 22:36:51.600000+00:00,,,,,,
1568,2023-06-12 22:36:53.400000+00:00,,,,,,
1569,2023-06-12 22:36:55.200000+00:00,,,,,,
1570,2023-06-12 22:36:57+00:00,,,,,,
1571,2023-06-12 22:36:58.800000+00:00,,,,,,
1572,2023-06-12 22:37:00.600000+00:00,,,,,,
1573,2023-06-12 22:37:02.400000+00:00,,,,,,
1574,2023-06-12 22:37:04.200000+00:00,,,,,,
1575,2023-06-12 22:37:06+00:00,,,,,,
1576,2023-06-12 22:37:07.800000+00:00,,,,,,
1577,2023-06-12 22:37:09.600000+00:00,,,,,,
1578,2023-06-12 22:37:11.400000+00:00,,,,,,
1579,2023-06-12 22:37:13.200000+00:00,,,,,,
1580,2023-06-12 22:37:15+00:00,,,,,,
1581,2023-06-12 22:37:16.800000+00:00,,,,,,
1582,2023-06-12 22:37:18.600000+00:00,,,,,,
1583,2023-06-12 22:37:20.400000+00:00,,,,,,
1584,2023-06-12 22:37:22.200000+00:00,,,,,,
1585,2023-06-12 22:37:24+00:00,,,,,,
1586,2023-06-12 22:37:25.800000+00:00,,,,,,
1587,2023-06-12 22:37:27.600000+00:00,,,,,,
1588,2023-06-12 22:37:29.400000+00:00,,,,,,
1589,2023-06-12 22:37:31.200000+00:00,,,,,,
1590,2023-06-12 22:37:33+00:00,,,,,,
1591,2023-06-12 22:37:34.800000+00:00,,,,,,
1592,2023-06-12 22:37:36.600000+00:00,,,,,,
1593,2023-06-12 22:37:38.400000+00:00,,,,,,
1594,2023-06-12 22:37:40.200000+00:00,,,,,,
1595,2023-06-12 22:37:42+00:00,,,,,,
1596,2023-06-12 22:37:43.800000+00:00,,,,,,
1597,2023-06-12 22:37:45.600000+00:00,,,,,,
1598,2023-06-12 22:37:47.400000+00:00,,,,,,
1599,2023-06-12 22:37:49.200000+00:00,,,,,,
1600,2023-06-12 22:37:51+00:00,,,,,,
1601,2023-06-12 22:37:52.800000+00:00,,,,,,
1602,2023-06-12 22:37:54.600000+00:00,,,,,,
1603,2023-06-12 22:37:56.400000+00:00,,,,,,
1604,2023-06-12 22:37:58.200000+00:00,,,,,,
1605,2023-06-12 22:38:00+00:00,,,,,,
1606,2023-06-12 22:38:01.800000+00:00,,,,,,
1607,2023-06-12 22:38:03.600000+00:00,,,,,,
1608,2023-06-12 22:38:05.400000+00:00,,,,,,
1609,2023-06-12 22:38:07.200000+00:00,,,,,,
1610,2023-06-12 22:38:09+00:00,,,,,,
1611,2023-06-12 22:38:10.800000+00:00,,,,,,
1612,2023-06-12 22:38:12.600000+00:00,,,,,,
1613,2023-06-12 22:38:14.400000+00:00,,,,,,
1614,2023-06-12 22:38:16.200000+00:00,,,,,,
1615,2023-06-12 22:38:18+00:00,,,,,,
1616,2023-06-12 22:38:19.800000+00:00,,,,,,
1617,2023-06-12 22:38:21.600000+00:00,,,,,,
1618,2023-06-12 22:38:23.400000+00:00,,,,,,
1619,2023-06-12 22:38:25.200000+00:00,,,,,,
1620,2023-06-12 22:38:27+00:00,,,,,,
1621,2023-06-12 22:38:28.800000+00:00,,,,,,
1622,2023-06-12 22:38:30.600000+00:00,,,,,,
1623,2023-06-12 22:38:32.400000+00:00,,,,,,
1624,2023-06-12 22:38:34.200000+00:00,,,,,,
1625,2023-06-12 22:38:36+00:00,,,,,,
1626,2023-06-12 22:38:37.800000+00:00,,,,,,
1627,2023-06-12 22:38:39.600000+00:00,,,,,,
1628,2023-06-12 22:38:41.400000+00:00,,,,,,
1629,2023-06-12 22:38:43.200000+00:00,,,,,,
1630,2023-06-12 22:38:45+00:00,,,,,,
1631,2023-06-12 22:38:46.800000+00:00,,,,,,
1632,2023-06-12 22:38:48.600000+00:00,,,,,,
1633,2023-06-12 22:38:50.400000+00:00,,,,,,
1634,2023-06-12 22:38:52.200000+00:00,,,,,,
1635,2023-06-12 22:38:54+00:00,,,,,,
1636,2023-06-12 22:38:55.800000+00:00,,,,,,
1637,2023-06-12 22:38:57.600000+00:00,,,,,,
1638,2023-06-12 22:38:59.400000+00:00,,,,,,
1639,2023-06-12 22:39:01.200000+00:00,,,,,,
1640,2023-06-12 22:39:03+00:00,,,,,,
1641,2023-06-12 22:39:04.800000+00:00,,,,,,
1642,2023-06-12 22:39:06.600000+00:00,,,,,,
1643,2023-06-12 22:39:08.400000+00:00,,,,,,
1644,2023-06-12 22:39:10.200000+00:00,,,,,,
