fireId,latitude,longitude,bright_ti4,scan,track,acq_date,acq_time,satellite,instrument,confidence,version,bright_ti5,frp,daynight,type,id,start_time,geometry
0,8.1231,-68.88045,297.01,0.38,0.36,1/1/2020,730,N,VIIRS,n,1,273.81,0.54,N,0,1,1/1/2020 7:30,POINT (-85.76168100000001 34.17638)
1,49.92619,127.89039,298.81,0.45,0.39,1/1/2020,730,N,VIIRS,n,1,276.61,0.75,N,0,2,1/1/2020 7:30,POINT (-82.420204 33.158421)
2,0.39047,-75.87447,305.5,0.52,0.42,1/1/2020,730,N,VIIRS,n,1,275.71,1.18,N,0,3,1/1/2020 7:30,POINT (-80.30418399999999 34.666496)
3,-22.38323,18.64897,313.38,0.53,0.42,1/1/2020,730,N,VIIRS,n,1,278.01,1.28,N,0,4,1/1/2020 7:30,POINT (-80.34034699999999 33.970482)
4,38.09806,-81.55146,303.61,0.54,0.42,1/1/2020,730,N,VIIRS,n,1,277.9,1.62,N,0,5,1/1/2020 7:30,POINT (-80.335533 33.968685)
5,26.09051,45.52455,306.06,0.53,0.42,1/1/2020,730,N,VIIRS,n,1,278.21,0.99,N,0,6,1/1/2020 7:30,POINT (-80.82038100000001 32.880775)
6,66.36863,48.96261,299.8,0.57,0.43,1/1/2020,730,N,VIIRS,n,1,281.39,0.9,N,0,7,1/1/2020 7:30,POINT (-80.21302 32.65105399999999)
7,64.34667,60.0083,324.5,0.45,0.39,1/1/2020,730,N,VIIRS,n,1,274.92,2.44,N,0,8,1/1/2020 7:30,POINT (-82.421143 33.1549)
8,62.76809,17.8169,300.25,0.54,0.5,1/1/2020,730,N,VIIRS,n,1,269.98,1.43,N,0,9,1/1/2020 7:30,POINT (-93.720551 36.105457)
9,43.86443,0.39025,315.65,0.39,0.36,1/1/2020,730,N,VIIRS,n,1,276.18,1.2,N,0,10,1/1/2020 7:30,POINT (-86.29291500000001 33.861473)
10,-13.90063,-43.05855,296.26,0.44,0.38,1/1/2020,730,N,VIIRS,n,1,272.78,0.61,N,0,11,1/1/2020 7:30,POINT (-88.40679200000001 35.206444)
11,54.58433,-122.64752,310.79,0.39,0.36,1/1/2020,730,N,VIIRS,n,1,272.96,0.96,N,0,12,1/1/2020 7:30,POINT (-85.1679 34.028496)
12,70.1841,97.59265,296.23,0.45,0.39,1/1/2020,730,N,VIIRS,n,1,272.56,0.89,N,0,13,1/1/2020 7:30,POINT (-81.89864300000001 34.683613)
13,37.297817,-92.459023,337.46,0.47,0.48,1/1/2020,730,N,VIIRS,n,1,270.84,9,N,0,14,1/1/2020 7:30,POINT (-92.459023 37.29781699999999)
14,34.155838,-81.478844,305.92,0.47,0.4,1/1/2020,730,N,VIIRS,n,1,276.19,1.11,N,0,15,1/1/2020 7:30,POINT (-81.478844 34.155838)
15,36.009022,-91.602608,322.53,0.41,0.45,1/1/2020,730,N,VIIRS,n,1,271.95,2.32,N,0,16,1/1/2020 7:30,POINT (-91.60260799999999 36.00902199999999)
16,48.90245,133.72154,325.45,0.34,0.56,1/1/2020,731,N,VIIRS,n,1,272.18,2.05,N,0,17,1/1/2020 7:42,POINT (-96.162987 32.458481)
17,56.44369,-3.91555,300.54,0.39,0.36,1/1/2020,731,N,VIIRS,n,1,275.82,0.6,N,0,18,1/1/2020 7:42,POINT (-86.789742 31.402905)
18,41.21555,0.98107,305.03,0.43,0.38,1/1/2020,731,N,VIIRS,n,1,276.3,1.1,N,0,19,1/1/2020 7:42,POINT (-83.696877 30.798836)
19,30.809576,-84.594444,304.73,0.41,0.37,1/1/2020,731,N,VIIRS,n,1,276.19,0.78,N,0,20,1/1/2020 7:42,POINT (-84.594444 30.809576)
20,30.808241,-85.420036,299.07,0.39,0.36,1/1/2020,731,N,VIIRS,n,1,277.35,0.58,N,0,21,1/1/2020 7:42,POINT (-85.420036 30.808241)
21,31.382523,-86.092049,321.41,0.38,0.36,1/1/2020,731,N,VIIRS,n,1,274.98,1.92,N,0,22,1/1/2020 7:42,POINT (-86.092049 31.382523)
22,39.6782,82.14125,297.32,0.43,0.38,1/1/2020,731,N,VIIRS,n,1,277.88,0.49,N,0,23,1/1/2020 7:42,POINT (-83.849014 30.695375)
23,33.12098,68.72946,296.27,0.43,0.38,1/1/2020,731,N,VIIRS,n,1,277.01,0.75,N,0,24,1/1/2020 7:42,POINT (-83.847015 30.693972)
24,1.17249,-52.08166,322.04,0.41,0.37,1/1/2020,731,N,VIIRS,n,1,274.7,1.65,N,0,25,1/1/2020 7:42,POINT (-83.61251800000001 32.927727)
25,30.363194,-85.133362,310.67,0.4,0.37,1/1/2020,731,N,VIIRS,n,1,275.59,1.64,N,0,26,1/1/2020 7:42,POINT (-85.13336200000001 30.363194)
26,31.589054,-84.448097,309.38,0.4,0.37,1/1/2020,731,N,VIIRS,n,1,275.24,1.61,N,0,27,1/1/2020 7:42,POINT (-84.448097 31.589054)
27,31.925428,-84.627228,299.07,0.4,0.37,1/1/2020,731,N,VIIRS,n,1,274.87,0.77,N,0,28,1/1/2020 7:42,POINT (-84.627228 31.925428)
28,31.592415,-84.447304,317.52,0.4,0.37,1/1/2020,731,N,VIIRS,n,1,276.96,1.84,N,0,29,1/1/2020 7:42,POINT (-84.447304 31.592415)
29,-27.27737,-64.26499,309.65,0.41,0.37,1/1/2020,731,N,VIIRS,n,1,274.49,1.07,N,0,30,1/1/2020 7:42,POINT (-83.61335799999999 32.924332)
30,43.52159,-80.49303,300.21,0.41,0.37,1/1/2020,731,N,VIIRS,n,1,275.66,1.35,N,0,31,1/1/2020 7:42,POINT (-84.051636 32.420277)
31,-35.94108,144.95117,304.47,0.4,0.37,1/1/2020,731,N,VIIRS,n,1,277.13,0.79,N,0,32,1/1/2020 7:42,POINT (-84.58757800000001 31.665272)
32,17.8658,82.68446,312.18,0.71,0.75,1/1/2020,731,N,VIIRS,n,1,270.86,3.41,N,0,33,1/1/2020 7:42,POINT (-101.708656 32.462986)
33,-47.78953,-73.76525,295.38,0.41,0.37,1/1/2020,731,N,VIIRS,n,1,275.28,0.51,N,0,34,1/1/2020 7:42,POINT (-84.03366899999999 32.42067)
34,52.84497,-123.23979,300.76,0.4,0.37,1/1/2020,731,N,VIIRS,n,1,276.46,0.7,N,0,35,1/1/2020 7:42,POINT (-84.591675 31.206028)
35,51.17137,65.15408,303.22,0.71,0.75,1/1/2020,731,N,VIIRS,n,1,265.64,0.81,N,0,36,1/1/2020 7:42,POINT (-101.670731 32.440529)
36,59.57841,45.40542,295.71,0.39,0.36,1/1/2020,731,N,VIIRS,n,1,271.25,1.31,N,0,37,1/1/2020 7:42,POINT (-86.452202 33.618275)
37,31.52747,1.86611,300.1,0.56,0.52,1/1/2020,731,N,VIIRS,n,1,268.8,1.02,N,0,38,1/1/2020 7:42,POINT (-94.772797 32.703674)
38,-2.07613,10.9913,297.38,0.41,0.37,1/1/2020,731,N,VIIRS,n,1,275.38,0.45,N,0,39,1/1/2020 7:42,POINT (-84.191948 31.365404)
39,43.51014,-0.51627,321.98,0.39,0.36,1/1/2020,731,N,VIIRS,n,1,271.55,1.31,N,0,40,1/1/2020 7:42,POINT (-86.45291899999999 33.614975)
40,47.70515,99.00344,309.63,0.41,0.37,1/1/2020,731,N,VIIRS,n,1,276.14,1.56,N,0,41,1/1/2020 7:42,POINT (-84.316154 31.650427)
41,-50.70838,-70.30666,311.48,0.41,0.37,1/1/2020,731,N,VIIRS,n,1,276.18,1.26,N,0,42,1/1/2020 7:42,POINT (-84.31485000000001 31.650192)
42,61.19933,-148.32227,307.19,0.71,0.75,1/1/2020,731,N,VIIRS,n,1,271.51,1.87,N,0,43,1/1/2020 7:42,POINT (-101.714279 32.467613)
43,29.80672,67.35524,304.42,0.39,0.37,1/1/2020,731,N,VIIRS,n,1,275.42,0.9,N,0,44,1/1/2020 7:42,POINT (-85.123299 30.934923)
44,-23.10638,27.55721,296.37,0.42,0.38,1/1/2020,731,N,VIIRS,n,1,275.43,0.27,N,0,45,1/1/2020 7:42,POINT (-83.924385 31.261585)
45,56.28295,111.97685,297.84,0.5,0.41,1/1/2020,731,N,VIIRS,n,1,276.42,0.93,N,0,46,1/1/2020 7:42,POINT (-91.091148 30.591612)
46,54.28177,104.63291,306.38,0.38,0.36,1/1/2020,731,N,VIIRS,n,1,273.52,1.17,N,0,47,1/1/2020 7:42,POINT (-86.319427 32.106579)
47,31.835232,-83.053383,318.31,0.44,0.38,1/1/2020,731,N,VIIRS,n,1,276.78,2.46,N,0,48,1/1/2020 7:42,POINT (-83.053383 31.835232)
48,31.385183,-89.81498,327.1,0.45,0.39,1/1/2020,731,N,VIIRS,n,1,275.8,3.59,N,0,49,1/1/2020 7:42,POINT (-89.81498000000001 31.385183)
49,31.677877,-90.420029,302.89,0.48,0.4,1/1/2020,731,N,VIIRS,n,1,272.57,1.08,N,0,50,1/1/2020 7:42,POINT (-90.420029 31.677877)
50,7.20194,8.14452,300.9,0.48,0.4,1/1/2020,731,N,VIIRS,n,1,276.08,0.98,N,0,51,1/1/2020 7:42,POINT (-90.499931 30.642141)
51,-14.94895,-38.95421,312.81,0.38,0.36,1/1/2020,731,N,VIIRS,n,1,274.34,1.3,N,0,52,1/1/2020 7:42,POINT (-85.92306500000001 32.505756)
52,61.58567,-152.16876,304.04,0.49,0.4,1/1/2020,731,N,VIIRS,n,1,277.47,1.17,N,0,53,1/1/2020 7:42,POINT (-82.00981899999999 31.727451)
53,56.49442,58.58084,324.96,0.44,0.38,1/1/2020,731,N,VIIRS,n,1,276.7,2.46,N,0,54,1/1/2020 7:42,POINT (-83.054237 31.831732)
54,-5.15352,-51.1842,310.07,0.53,0.42,1/1/2020,731,N,VIIRS,n,1,272.98,1.83,N,0,55,1/1/2020 7:42,POINT (-91.42443100000001 30.835548)
55,40.09881,28.90514,296.81,0.43,0.38,1/1/2020,731,N,VIIRS,n,1,275.9,0.95,N,0,56,1/1/2020 7:42,POINT (-89.33009300000001 30.573074)
56,-10.63592,25.66789,313.12,0.38,0.36,1/1/2020,731,N,VIIRS,n,1,274.4,1.7,N,0,57,1/1/2020 7:42,POINT (-85.85303499999999 32.41655)
57,38.38513,39.55235,298.26,0.38,0.36,1/1/2020,731,N,VIIRS,n,1,273.91,1.07,N,0,58,1/1/2020 7:42,POINT (-85.848969 32.415905)
58,55.46824,-158.13351,296.19,0.49,0.4,1/1/2020,731,N,VIIRS,n,1,277.89,0.63,N,0,59,1/1/2020 7:42,POINT (-82.008865 31.731106)
59,10.1563,-6.58773,326.03,0.39,0.36,1/1/2020,731,N,VIIRS,n,1,271.76,2.6,N,0,60,1/1/2020 7:42,POINT (-86.578087 33.095531)
60,-12.28218,-75.20735,332.31,0.38,0.36,1/1/2020,731,N,VIIRS,n,1,276.89,4.92,N,0,61,1/1/2020 7:42,POINT (-86.196831 32.646751)
61,64.56679,141.76913,332.69,0.38,0.36,1/1/2020,731,N,VIIRS,n,1,273.81,3.39,N,0,62,1/1/2020 7:42,POINT (-86.197548 32.643459)
62,21.0859,33.61114,295.72,0.57,0.43,1/1/2020,732,N,VIIRS,n,1,282.01,0.8,N,0,63,1/1/2020 7:56,POINT (-82.013329 27.484877)
63,30.288603,-90.838821,295.57,0.49,0.4,1/1/2020,732,N,VIIRS,n,1,277.3,0.34,N,0,64,1/1/2020 7:56,POINT (-90.838821 30.288603)
64,-0.66719,-63.82607,299.87,0.5,0.41,1/1/2020,732,N,VIIRS,n,1,276.13,0.94,N,0,65,1/1/2020 7:56,POINT (-91.092438 30.592041)
65,25.96922,102.66312,298.68,0.49,0.4,1/1/2020,732,N,VIIRS,n,1,277.16,0.78,N,0,66,1/1/2020 7:56,POINT (-90.91918199999999 30.275759)
66,1.73441,-75.67809,319.34,0.43,0.38,1/1/2020,908,N,VIIRS,n,1,268.72,1.36,N,0,67,1/1/2020 8:38,POINT (-102.679611 47.710823)
67,48.420078,-118.035973,305.96,0.62,0.54,1/1/2020,908,N,VIIRS,n,1,273.84,2.8,N,0,68,1/1/2020 8:38,POINT (-118.035973 48.420078)
68,39.04457,77.47216,302.3,0.62,0.54,1/1/2020,908,N,VIIRS,n,1,273.95,2.15,N,0,69,1/1/2020 8:38,POINT (-118.034592 48.415527)
69,63.43289,166.15951,299.13,0.41,0.37,1/1/2020,908,N,VIIRS,n,1,270.03,0.65,N,0,70,1/1/2020 8:38,POINT (-103.283081 48.098743)
70,65.99593,-72.84114,335.28,0.6,0.71,1/1/2020,909,N,VIIRS,n,1,269.23,4.22,N,0,71,1/1/2020 8:38,POINT (-93.032585 38.99662)
71,38.994511,-93.025864,314.6,0.6,0.71,1/1/2020,909,N,VIIRS,n,1,267.14,4.22,N,0,72,1/1/2020 8:38,POINT (-93.025864 38.994511)
72,55.25872,-4.02739,301.68,0.34,0.56,1/1/2020,909,N,VIIRS,n,1,273.03,1.09,N,0,73,1/1/2020 8:38,POINT (-119.538216 44.56557100000001)
73,44.65704,-119.703262,314.2,0.35,0.57,1/1/2020,909,N,VIIRS,n,1,275.24,1.07,N,0,74,1/1/2020 8:38,POINT (-119.703262 44.65704)
74,41.24279,41.13682,303.75,0.42,0.61,1/1/2020,909,N,VIIRS,n,1,274,0.9,N,0,75,1/1/2020 8:38,POINT (-121.457031 44.246525)
75,-4.88447,-79.72235,325.63,0.41,0.37,1/1/2020,910,N,VIIRS,n,1,264.35,3.01,N,0,76,1/1/2020 9:10,POINT (-106.150764 41.081902)
76,37.296547,-92.459618,304.02,0.72,0.76,1/1/2020,910,N,VIIRS,n,1,266.58,1.34,N,0,77,1/1/2020 9:10,POINT (-92.45961800000001 37.296547)
77,37.926437,-95.409416,295.49,0.49,0.65,1/1/2020,910,N,VIIRS,n,1,270.06,0.94,N,0,78,1/1/2020 9:10,POINT (-95.40941600000001 37.926437)
78,40.1997,118.17201,297.43,0.42,0.38,1/1/2020,911,N,VIIRS,n,1,264.01,0.76,N,0,79,1/1/2020 9:11,POINT (-112.800362 37.248539)
79,7.59782,-76.79761,323.38,0.34,0.56,1/1/2020,911,N,VIIRS,n,1,267.36,1.37,N,0,80,1/1/2020 9:11,POINT (-120.731407 37.541431)
80,14.24374,38.46451,322.63,0.34,0.56,1/1/2020,911,N,VIIRS,n,1,266.91,1.75,N,0,81,1/1/2020 9:11,POINT (-120.732773 37.541504)
81,31.794052,-103.813667,297.49,0.49,0.49,1/1/2020,912,N,VIIRS,n,1,269.64,0.45,N,0,82,1/1/2020 9:18,POINT (-103.813667 31.794052)
82,31.347078,-103.659447,301.63,0.51,0.5,1/1/2020,912,N,VIIRS,n,1,270.58,0.95,N,0,83,1/1/2020 9:18,POINT (-103.659447 31.347078)
83,-0.89771,-52.58056,298.11,0.49,0.49,1/1/2020,912,N,VIIRS,n,1,270.05,0.36,N,0,84,1/1/2020 9:18,POINT (-103.845741 31.695379)
84,40.78682,129.10395,309.87,0.5,0.49,1/1/2020,912,N,VIIRS,n,1,271.92,1.39,N,0,85,1/1/2020 9:18,POINT (-103.661194 31.750452)
85,1.71947,36.96304,301.17,0.5,0.49,1/1/2020,912,N,VIIRS,n,1,271.69,1.37,N,0,86,1/1/2020 9:18,POINT (-103.661682 31.753529)
86,26.47948,80.81699,307.03,0.5,0.49,1/1/2020,912,N,VIIRS,n,1,271.06,1.37,N,0,87,1/1/2020 9:18,POINT (-103.66301 31.749096)
87,22.50574,46.55465,335.83,0.49,0.49,1/1/2020,912,N,VIIRS,n,1,271.47,4.33,N,0,88,1/1/2020 9:18,POINT (-103.812111 31.88011)
88,63.03953,108.25112,335.93,0.49,0.49,1/1/2020,912,N,VIIRS,n,1,270.65,2.48,N,0,89,1/1/2020 9:18,POINT (-103.808899 31.881809)
89,-23.29867,118.29806,299.57,0.49,0.49,1/1/2020,912,N,VIIRS,n,1,269.8,0.78,N,0,90,1/1/2020 9:18,POINT (-103.825409 31.761072)
90,9.98066,77.73949,295.74,0.51,0.49,1/1/2020,912,N,VIIRS,n,1,271.04,0.68,N,0,91,1/1/2020 9:18,POINT (-103.71582 31.301579)
91,26.18458,-102.8606,295.22,0.48,0.48,1/1/2020,912,N,VIIRS,n,1,269.3,0.5,N,0,92,1/1/2020 9:18,POINT (-103.997864 31.811886)
92,33.71109,109.18874,296.45,0.52,0.41,1/1/2020,912,N,VIIRS,n,1,275.92,0.81,N,0,93,1/1/2020 9:18,POINT (-116.125374 33.096775)
93,44.76585,54.87559,302.7,0.63,0.54,1/1/2020,912,N,VIIRS,n,1,270.17,1.09,N,0,94,1/1/2020 9:18,POINT (-101.795502 32.175404)
94,-0.49014,34.43584,302.16,0.61,0.54,1/1/2020,912,N,VIIRS,n,1,271.54,1.57,N,0,95,1/1/2020 9:18,POINT (-101.989456 32.200264)
95,-29.65241,-50.9944,303.12,0.51,0.49,1/1/2020,912,N,VIIRS,n,1,271.71,0.95,N,0,96,1/1/2020 9:18,POINT (-103.539093 31.938251)
96,-16.691,-45.22697,301.51,0.51,0.49,1/1/2020,912,N,VIIRS,n,1,271.74,2.24,N,0,97,1/1/2020 9:18,POINT (-103.540596 31.937456)
97,63.22584,31.13857,298.05,0.5,0.49,1/1/2020,912,N,VIIRS,n,1,270.86,0.62,N,0,98,1/1/2020 9:18,POINT (-103.583557 32.224674)
98,37.01728,33.78387,299.28,0.52,0.5,1/1/2020,912,N,VIIRS,n,1,269.35,1.25,N,0,99,1/1/2020 9:18,POINT (-103.299255 32.079742)
99,6.29735,-10.10458,308.67,0.52,0.5,1/1/2020,912,N,VIIRS,n,1,269.94,1.89,N,0,100,1/1/2020 9:18,POINT (-103.304695 32.080956)
100,-10.8294,23.0928,338.08,0.39,0.36,1/2/2020,1829,N,VIIRS,n,1,297.08,4.82,D,0,279,1/2/2020 18:29,POINT (-9083707.629441049 3046908.86194009)
101,45.4582,43.319,345.26,0.4,0.37,1/2/2020,1829,N,VIIRS,n,1,285.56,9.64,D,0,295,1/2/2020 18:29,POINT (-9140947.888967969 3072032.669136715)
102,49.1754,109.384,344.77,0.38,0.36,1/2/2020,1829,N,VIIRS,n,1,302.65,34.27,D,0,336,1/2/2020 18:29,POINT (-9004109.518105244 3085781.51680561)
103,57.4159,-107.6208,336.42,0.39,0.36,1/2/2020,1830,N,VIIRS,n,1,291.78,4.32,D,0,372,1/2/2020 18:30,POINT (-9176934.474715183 3504076.19200787)
104,59.4538,52.6226,327.63,0.39,0.36,1/2/2020,1832,N,VIIRS,n,1,268.78,2.36,D,0,376,1/2/2020 18:32,POINT (-9265941.198093344 4585186.373665186)
105,57.5042,-112.7529,328.22,0.52,0.5,1/2/2020,1833,N,VIIRS,n,1,279.19,4.13,D,0,377,1/2/2020 18:33,POINT (-10491007.6301742 4609937.149248163)
106,51.0022,89.4726,325.83,0.38,0.36,1/2/2020,1833,N,VIIRS,n,1,277.23,1.32,D,0,379,1/2/2020 18:33,POINT (-9461735.484475093 4663839.716482627)
107,43.8109,118.362,326.84,0.38,0.36,1/2/2020,1833,N,VIIRS,n,1,274.58,1.94,D,0,381,1/2/2020 18:33,POINT (-9511090.873149632 4734546.072171829)
108,49.7425,-119.1538,330.61,0.51,0.49,1/2/2020,2012,N,VIIRS,n,1,297.03,3.4,D,0,382,1/2/2020 20:12,POINT (-12870093.1670464 3638557.150014064)
109,46.7084,-86.741,342.79,0.39,0.36,1/2/2020,2013,N,VIIRS,n,1,272.7,5.17,D,0,385,1/2/2020 20:13,POINT (-12059393.50193517 4164113.497931199)
110,30.847,61.9806,329.11,0.44,0.62,1/2/2020,2014,N,VIIRS,n,1,286.18,5.51,D,0,386,1/2/2020 20:14,POINT (-13686351.45961091 4348365.845549029)
111,7.5302,40.4805,338.8,0.68,0.74,1/2/2020,2014,N,VIIRS,n,1,281.15,5.08,D,0,387,1/2/2020 20:14,POINT (-10338990.51278334 4590920.440635948)
112,43.9325,0.9591,332.69,0.41,0.6,1/2/2020,2014,N,VIIRS,n,1,286.44,3.04,D,0,388,1/2/2020 20:14,POINT (-13648695.19282128 4411076.456173022)
113,53.8084,41.8902,331.15,0.35,0.56,1/2/2020,2015,N,VIIRS,n,1,276.69,3.28,D,0,389,1/2/2020 20:15,POINT (-13697122.2882621 4784487.891923868)
114,30.479,61.3747,328.52,0.48,0.4,1/2/2020,2016,N,VIIRS,n,1,275,22.04,D,0,391,1/2/2020 20:16,POINT (-13086319.03276835 5274361.778942637)
115,41.3712,114.8113,343.84,0.45,0.39,1/2/2020,2016,N,VIIRS,n,1,277.83,18.66,D,0,401,1/2/2020 20:16,POINT (-12997920.44776839 5268101.170780424)
116,33.0036,-96.2634,347.81,0.41,0.61,1/2/2020,2155,N,VIIRS,n,1,282.11,5.41,D,0,404,1/2/2020 21:55,POINT (-13629883.08943315 4567073.356679232)
117,-37.3065,146.1872,348.25,0.41,0.61,1/2/2020,2155,N,VIIRS,n,1,285.65,4,D,0,406,1/2/2020 21:55,POINT (-13601150.4156645 4350585.89015392)
118,49.9606,-88.6259,325.26,0.49,0.65,1/2/2020,2155,N,VIIRS,n,1,280.11,3.01,D,0,408,1/2/2020 21:55,POINT (-13492986.9437547 4683969.842641757)
119,30.4322,-109.7955,301.67,0.49,0.4,1/3/2020,653,N,VIIRS,n,1,287.79,1.31,N,0,410,1/3/2020 6:53,POINT (-9001043.556689816 3576394.231284775)
120,58.7104,-102.2549,310.1,0.54,0.42,1/3/2020,653,N,VIIRS,n,1,282.7,1.84,N,0,411,1/3/2020 6:53,POINT (-9114271.397513758 3582145.330137629)
121,60.0767,46.1736,310.24,0.51,0.41,1/3/2020,830,N,VIIRS,n,1,267.59,1.2,N,0,417,1/3/2020 8:30,POINT (-11429875.10232976 5311107.118339098)
122,-8.6894,-49.3452,296.07,0.61,0.71,1/3/2020,833,N,VIIRS,n,1,281.83,0.56,N,0,419,1/3/2020 8:33,POINT (-9605782.794242097 3769396.958795901)
123,14.6377,-15.8056,302.81,0.53,0.42,1/3/2020,834,N,VIIRS,n,1,278.33,1.34,N,0,420,1/3/2020 8:34,POINT (-10810730.12079341 3488516.51018224)
124,49.6357,47.1656,295.29,0.38,0.44,1/3/2020,834,N,VIIRS,n,1,279.55,0.38,N,0,421,1/3/2020 8:34,POINT (-10760333.44960199 3422456.296080278)
125,0.9281,12.4494,298.82,0.47,0.64,1/3/2020,834,N,VIIRS,n,1,275.05,0.66,N,0,422,1/3/2020 8:34,POINT (-12715038.0294323 3752001.173289127)
126,6.5712,42.9672,299.78,0.52,0.42,1/3/2020,835,N,VIIRS,n,1,280.22,0.67,N,0,423,1/3/2020 8:35,POINT (-10932268.40688303 3189872.587783714)
127,31.6199,-83.2999,300.47,0.51,0.41,1/3/2020,835,N,VIIRS,n,1,274.03,1.14,N,0,424,1/3/2020 8:35,POINT (-10941677.79816183 3255595.726467554)
128,67.773,18.1962,299.58,0.57,0.43,1/3/2020,835,N,VIIRS,n,1,280.26,0.58,N,0,427,1/3/2020 8:35,POINT (-10828462.64775983 3270756.327918689)
129,-33.2638,-69.154,320.44,0.55,0.68,1/3/2020,1010,N,VIIRS,n,1,262.62,2.32,N,0,430,1/3/2020 10:10,POINT (-11519391.33501728 5328303.419318371)
130,40.184,33.3194,305.11,0.55,0.43,1/3/2020,1014,N,VIIRS,n,1,261.78,1.08,N,0,437,1/3/2020 10:14,POINT (-13347342.19929481 4176553.228388365)
131,48.4512,-115.54,336.93,0.55,0.43,1/3/2020,1810,N,VIIRS,n,1,294.92,4.73,D,0,445,1/3/2020 18:10,POINT (-9089812.390316151 3279177.424758219)
132,16.7132,2.354,334.34,0.53,0.42,1/3/2020,1810,N,VIIRS,n,1,300.63,14.79,D,0,456,1/3/2020 18:10,POINT (-8957880.426010141 3002277.204537871)
133,60.8292,69.7142,342.16,0.45,0.39,1/3/2020,1811,N,VIIRS,n,1,294.7,3.82,D,0,468,1/3/2020 18:11,POINT (-8991273.156302381 3642488.954428882)
134,28.1929,35.4774,329.89,0.39,0.36,1/3/2020,1812,N,VIIRS,n,1,288.98,5.29,D,0,470,1/3/2020 18:12,POINT (-8532309.574931163 3869124.305734908)
135,61.4699,-154.4301,330.22,0.67,0.74,1/3/2020,1813,N,VIIRS,n,1,279.95,4.4,D,0,471,1/3/2020 18:13,POINT (-10532226.67726666 3952713.777413105)
136,60.7355,9.6605,356.59,0.4,0.44,1/3/2020,1951,N,VIIRS,n,1,296.97,9.74,D,0,474,1/3/2020 19:51,POINT (-10668688.89956999 3266172.302607313)
137,14.5325,34.7296,336.45,0.54,0.42,1/3/2020,1951,N,VIIRS,n,1,294.53,4.94,D,0,477,1/3/2020 19:51,POINT (-10745576.93790243 3195002.189919468)
138,31.1491,-115.6631,333.91,0.44,0.39,1/3/2020,1951,N,VIIRS,n,1,294.01,7.77,D,0,479,1/3/2020 19:51,POINT (-10894594.21765539 2925491.357497977)
139,22.5439,87.7724,329.8,0.42,0.38,1/3/2020,1951,N,VIIRS,n,1,296.98,2.22,D,0,485,1/3/2020 19:51,POINT (-11049622.97255017 3224322.185321545)
140,7.3957,1.1869,326.1,0.46,0.39,1/3/2020,1952,N,VIIRS,n,1,289.89,3.12,D,0,488,1/3/2020 19:52,POINT (-11022281.45845797 3681677.422689783)
141,-35.0611,139.802,337.26,0.41,0.45,1/3/2020,1952,N,VIIRS,n,1,289.39,3.67,D,0,490,1/3/2020 19:52,POINT (-10727748.34221545 3620658.97964534)
142,-18.9694,47.9704,327.44,0.39,0.36,1/3/2020,1952,N,VIIRS,n,1,291.3,1.56,D,0,493,1/3/2020 19:52,POINT (-11299057.44612659 3519905.378320709)
143,-19.6018,136.1362,330.32,0.44,0.39,1/3/2020,1952,N,VIIRS,n,1,293.15,2.33,D,0,495,1/3/2020 19:52,POINT (-10991039.97732531 3334813.793061789)
144,18.7115,-103.1309,331.01,0.53,0.5,1/3/2020,1952,N,VIIRS,n,1,287.96,3.37,D,0,497,1/3/2020 19:52,POINT (-10494128.80605706 3608426.971357993)
145,61.4498,22.9783,344.3,0.39,0.36,1/3/2020,1952,N,VIIRS,n,1,298.12,7.64,D,0,499,1/3/2020 19:52,POINT (-11322403.81501372 3614013.206044982)
146,-17.2817,25.503,339.39,0.39,0.36,1/3/2020,1952,N,VIIRS,n,1,287.85,2.96,D,0,500,1/3/2020 19:52,POINT (-11498524.05119012 3491749.78479233)
147,54.4244,40.7128,328.46,0.5,0.49,1/3/2020,1952,N,VIIRS,n,1,289.48,3.48,D,0,501,1/3/2020 19:52,POINT (-10514660.57293897 3467342.429838451)
148,-4.052,121.9484,335.71,0.48,0.4,1/3/2020,1953,N,VIIRS,n,1,290.81,6.58,D,0,503,1/3/2020 19:53,POINT (-11879609.40735829 3586335.729729559)
149,39.6325,-1.7531,346.36,0.52,0.41,1/3/2020,1953,N,VIIRS,n,1,290.94,12.18,D,0,505,1/3/2020 19:53,POINT (-10942292.72702897 3868972.688588448)
150,66.074,25.181,337.75,0.45,0.39,1/3/2020,1953,N,VIIRS,n,1,290.62,4.22,D,0,519,1/3/2020 19:53,POINT (-11117006.44143919 3855344.845206045)
151,36.8556,63.862,348.82,0.36,0.57,1/3/2020,1954,N,VIIRS,n,1,280.11,4.74,D,0,520,1/3/2020 19:54,POINT (-10375107.00837631 4428647.235919324)
152,34.8607,2.8051,329.13,0.39,0.36,1/3/2020,1954,N,VIIRS,n,1,274.23,3.11,D,0,522,1/3/2020 19:54,POINT (-11718010.4647974 4353727.437503598)
153,66.5435,-156.6439,325.91,0.44,0.46,1/3/2020,1954,N,VIIRS,n,1,282.96,3.77,D,0,523,1/3/2020 19:54,POINT (-10793954.71880882 4217772.275480827)
154,-47.451,-69.9616,331.68,0.5,0.49,1/3/2020,1954,N,VIIRS,n,1,284.3,2.57,D,0,525,1/3/2020 19:54,POINT (-10655020.20193447 4166248.160486652)
155,-27.3524,-50.8409,333.1,0.6,0.71,1/3/2020,1954,N,VIIRS,n,1,284.79,4.79,D,0,526,1/3/2020 19:54,POINT (-13284543.20099514 4012064.543165974)
156,-38.0206,-69.6062,353.41,0.4,0.6,1/3/2020,1957,N,VIIRS,n,1,285.22,28.3,D,0,531,1/3/2020 19:57,POINT (-13522816.11450767 5086387.352830643)
157,46.9566,39.392,329.98,0.51,0.49,1/3/2020,2134,N,VIIRS,n,1,290.83,2.44,D,0,538,1/3/2020 21:34,POINT (-13416503.21781282 3905387.743055725)
158,33.1052,-96.0974,346.72,0.33,0.55,1/3/2020,2134,N,VIIRS,n,1,293.17,4.86,D,0,539,1/3/2020 21:34,POINT (-13192556.34352894 3921413.630908797)
159,48.9592,99.6481,339.66,0.48,0.48,1/3/2020,2136,N,VIIRS,n,1,272.9,6.69,D,0,553,1/3/2020 21:36,POINT (-13631528.28018758 4703471.458955868)
160,-4.4649,-71.394,328.6,0.64,0.54,1/3/2020,2136,N,VIIRS,n,1,268.12,5.05,D,0,554,1/3/2020 21:36,POINT (-13369767.06543716 4711809.845413737)
161,54.2421,-113.2988,335.54,0.44,0.46,1/3/2020,2136,N,VIIRS,n,1,273.11,6.44,D,0,557,1/3/2020 21:36,POINT (-13671981.2265444 4522980.708251433)
162,-20.7331,45.1982,354.35,0.4,0.45,1/3/2020,2137,N,VIIRS,n,1,265.21,7.15,D,0,559,1/3/2020 21:37,POINT (-13813251.3376551 4745319.906449274)
163,16.0464,-91.7424,333.21,0.41,0.6,1/3/2020,2138,N,VIIRS,n,1,276.19,3.69,D,0,560,1/3/2020 21:38,POINT (-13225676.45238823 5367330.362998131)
164,47.9538,7.935,310.55,0.33,0.55,1/4/2020,813,N,VIIRS,n,1,270.58,0.93,N,0,563,1/4/2020 8:13,POINT (-11731649.32880939 4717804.177353974)
165,-19.8541,48.4304,296,0.48,0.4,1/4/2020,813,N,VIIRS,n,1,270.92,0.66,N,0,564,1/4/2020 8:13,POINT (-10150007.64340425 4199134.832373746)
166,38.8749,-92.2022,313.46,0.49,0.41,1/4/2020,814,N,VIIRS,n,1,275.83,1.54,N,0,565,1/4/2020 8:14,POINT (-10216153.68483361 3914840.437616435)
167,43.1047,-85.9761,298.4,0.39,0.44,1/4/2020,814,N,VIIRS,n,1,271.71,1,N,0,566,1/4/2020 8:14,POINT (-10012663.88205332 3967871.150599008)
168,-19.0217,122.2956,298.85,0.53,0.42,1/4/2020,815,N,VIIRS,n,1,270.3,1.03,N,0,567,1/4/2020 8:15,POINT (-11336872.45451008 3769775.66770358)
169,-0.9038,20.3561,298.04,0.41,0.45,1/4/2020,815,N,VIIRS,n,1,272.35,0.36,N,0,570,1/4/2020 8:15,POINT (-11530596.19836308 3587230.070518592)
170,37.0464,-4.2841,300.4,0.4,0.37,1/4/2020,815,N,VIIRS,n,1,275.52,0.56,N,0,582,1/4/2020 8:15,POINT (-10687503.45198692 3462571.276463051)
171,33.0058,130.6424,323.99,0.42,0.38,1/4/2020,815,N,VIIRS,n,1,278.53,2.58,N,0,585,1/4/2020 8:15,POINT (-10556792.66249492 3554623.367150844)
172,30.1386,20.9827,299.58,0.42,0.38,1/4/2020,815,N,VIIRS,n,1,273.91,0.79,N,0,595,1/4/2020 8:15,POINT (-10483230.5165889 3780943.12770047)
173,33.2536,131.7117,303.9,0.47,0.48,1/4/2020,815,N,VIIRS,n,1,270.65,0.98,N,0,597,1/4/2020 8:15,POINT (-11630542.73337946 3633203.127784871)
174,51.2274,45.3252,301.44,0.38,0.36,1/4/2020,815,N,VIIRS,n,1,274.63,0.69,N,0,598,1/4/2020 8:15,POINT (-10764182.54363515 3870253.085371552)
175,-40.8974,-63.5151,302.8,0.39,0.36,1/4/2020,815,N,VIIRS,n,1,272.38,0.54,N,0,599,1/4/2020 8:15,POINT (-10885518.67352949 3875346.731311779)
176,-29.6411,132.5774,300.26,0.5,0.41,1/4/2020,816,N,VIIRS,n,1,281.99,0.53,N,0,601,1/4/2020 8:16,POINT (-10384361.77688239 3368627.6449877)
177,67.245,27.0191,308,0.42,0.45,1/4/2020,816,N,VIIRS,n,1,272.58,1.22,N,0,602,1/4/2020 8:16,POINT (-11559897.93736866 3528153.595991037)
178,6.6399,6.0655,298.38,0.43,0.38,1/4/2020,816,N,VIIRS,n,1,280.62,0.4,N,0,604,1/4/2020 8:16,POINT (-10603223.13154886 3306294.518756988)
179,2.5031,40.1568,299.34,0.39,0.36,1/4/2020,816,N,VIIRS,n,1,281.35,0.71,N,0,609,1/4/2020 8:16,POINT (-10779681.4450188 3322915.965885804)
180,44.7872,11.1196,301.2,0.41,0.37,1/4/2020,816,N,VIIRS,n,1,276.36,0.94,N,0,610,1/4/2020 8:16,POINT (-10647524.28138292 3413043.23125829)
181,31.8778,80.2433,299.25,0.39,0.36,1/4/2020,816,N,VIIRS,n,1,280.37,0.69,N,0,629,1/4/2020 8:16,POINT (-10828083.82753266 3104030.900167788)
182,35.2845,-88.98,303.84,0.47,0.39,1/4/2020,816,N,VIIRS,n,1,273.46,0.79,N,0,632,1/4/2020 8:16,POINT (-11274263.81253966 3473412.570351917)
183,-28.7075,119.663,299.18,0.47,0.4,1/4/2020,816,N,VIIRS,n,1,281.68,0.86,N,0,646,1/4/2020 8:16,POINT (-10460781.0488391 3340638.251459075)
184,-27.9697,29.0106,317.76,0.39,0.36,1/4/2020,955,N,VIIRS,n,1,273.12,1.6,N,0,648,1/4/2020 9:55,POINT (-13378293.247876 4111047.941948009)
185,34.4125,47.8583,326.39,0.38,0.36,1/4/2020,955,N,VIIRS,n,1,275.27,2.07,N,0,650,1/4/2020 9:55,POINT (-13388030.47505517 4427680.314822293)
186,18.844,51.9954,367,0.32,0.55,1/4/2020,1751,N,VIIRS,h,1,293.98,6.34,D,0,651,1/4/2020 17:51,POINT (-8963614.938258868 3057038.267685333)
187,-10.3406,17.6067,349.26,0.55,0.43,1/4/2020,1932,N,VIIRS,n,1,294.09,22.7,D,0,659,1/4/2020 19:32,POINT (-10232611.38099147 3323211.519133859)
188,-27.1967,16.7213,331.54,0.43,0.38,1/4/2020,1932,N,VIIRS,n,1,290.21,3.38,D,0,661,1/4/2020 19:32,POINT (-10502146.14710348 3293439.455279671)
189,-4.29,104.0667,340.08,0.42,0.37,1/4/2020,1932,N,VIIRS,n,1,299.73,3.77,D,0,683,1/4/2020 19:32,POINT (-10991962.25930653 3040103.010911971)
190,33.0806,-101.5159,332.19,0.43,0.38,1/4/2020,1932,N,VIIRS,n,1,299.99,1.44,D,0,685,1/4/2020 19:32,POINT (-11005903.57837501 2938035.950915471)
191,11.0158,22.9485,344.05,0.4,0.37,1/4/2020,1932,N,VIIRS,n,1,300.1,6.8,D,0,686,1/4/2020 19:32,POINT (-10911566.65513868 3109354.643495485)
192,-20.3485,-43.5415,342.12,0.46,0.39,1/4/2020,1932,N,VIIRS,n,1,301.1,3.92,D,0,698,1/4/2020 19:32,POINT (-11166794.19501598 3166814.313738759)
193,36.6153,-94.5924,335.02,0.4,0.37,1/4/2020,1933,N,VIIRS,n,1,295.09,4.14,D,0,702,1/4/2020 19:33,POINT (-11036046.11349455 3532164.214605338)
194,-19.7334,146.862,337.52,0.41,0.37,1/4/2020,1933,N,VIIRS,n,1,302.37,11.51,D,0,703,1/4/2020 19:33,POINT (-11085972.23719839 3487941.322373311)
195,11.0893,34.1324,338.52,0.42,0.38,1/4/2020,1933,N,VIIRS,n,1,294.29,8.64,D,0,705,1/4/2020 19:33,POINT (-10604843.60937634 3583287.245474185)
196,27.4724,-10.4738,325.29,0.39,0.36,1/4/2020,1933,N,VIIRS,l,1,295.74,1.21,D,0,708,1/4/2020 19:33,POINT (-10942371.65254794 3392720.299741107)
197,34.2788,-80.6187,353.2,0.4,0.37,1/4/2020,1933,N,VIIRS,n,1,300.41,14.45,D,0,712,1/4/2020 19:33,POINT (-11062997.78673 3596490.850277176)
198,-13.8694,-54.2783,352.3,0.41,0.37,1/4/2020,1933,N,VIIRS,n,1,294.73,11.01,D,0,720,1/4/2020 19:33,POINT (-10670811.31698146 3643349.676731695)
199,8.5729,39.9314,329.29,0.39,0.36,1/4/2020,1933,N,VIIRS,n,1,293.91,2.02,D,0,722,1/4/2020 19:33,POINT (-10931365.6058127 3562847.985089123)
200,39.5002,66.8731,330.96,0.38,0.36,1/4/2020,1933,N,VIIRS,n,1,295.19,4.87,D,0,740,1/4/2020 19:33,POINT (-10884143.65517921 3486750.426460804)
201,-32.2408,-62.7356,326.82,0.39,0.36,1/4/2020,1933,N,VIIRS,n,1,290.94,1.59,D,0,743,1/4/2020 19:33,POINT (-10835448.16844609 3596659.054027764)
202,37.5564,116.5491,333.68,0.47,0.4,1/4/2020,1933,N,VIIRS,n,1,299.52,2.33,D,0,745,1/4/2020 19:33,POINT (-11196669.11807966 3220403.071328676)
203,23.4729,-15.5158,330.4,0.39,0.36,1/4/2020,1933,N,VIIRS,n,1,296.02,2.43,D,0,748,1/4/2020 19:33,POINT (-10817851.45125844 3524678.869405416)
204,56.0101,37.2551,330.38,0.4,0.37,1/4/2020,1933,N,VIIRS,n,1,291.28,3.05,D,0,749,1/4/2020 19:33,POINT (-10711372.13192486 3561807.81576715)
205,23.7011,-11.6644,353.49,0.42,0.37,1/4/2020,1933,N,VIIRS,n,1,293.9,10.26,D,0,765,1/4/2020 19:33,POINT (-10594210.37161577 3514656.553010316)
206,60.6062,67.8548,334.69,0.39,0.36,1/4/2020,1933,N,VIIRS,n,1,296.84,2.56,D,0,782,1/4/2020 19:33,POINT (-10891855.31290392 3418769.617184187)
207,-5.0941,23.4191,334.65,0.42,0.38,1/4/2020,1934,N,VIIRS,n,1,286.61,3.47,D,0,794,1/4/2020 19:34,POINT (-10683267.07744529 3867819.418663829)
208,23.8994,-6.77,328.82,0.39,0.36,1/4/2020,1934,N,VIIRS,n,1,285.29,1.28,D,0,795,1/4/2020 19:34,POINT (-10840713.8029996 3911804.19850505)
209,36.2471,-111.4302,330.06,0.47,0.4,1/4/2020,1934,N,VIIRS,n,1,285.78,3.26,D,0,796,1/4/2020 19:34,POINT (-10523305.64459397 3919073.806531813)
210,21.6225,40.2601,325.85,0.39,0.36,1/4/2020,1934,N,VIIRS,n,1,285.63,7.02,D,0,797,1/4/2020 19:34,POINT (-10895776.54196711 4060926.007259866)
211,42.591,64.1504,329.09,0.45,0.39,1/4/2020,1934,N,VIIRS,n,1,286.02,3.93,D,0,799,1/4/2020 19:34,POINT (-10614229.1782841 3961664.087111866)
212,18.9643,29.688,327.51,0.39,0.36,1/4/2020,1934,N,VIIRS,n,1,284.45,3.2,D,0,800,1/4/2020 19:34,POINT (-10883093.91238103 3985127.675422799)
213,37.994,-101.9211,330.94,0.51,0.41,1/4/2020,1934,N,VIIRS,n,1,283.06,6.47,D,0,802,1/4/2020 19:34,POINT (-10465845.41775325 3998373.358993309)
214,-26.2435,121.519,333.53,0.38,0.36,1/4/2020,1934,N,VIIRS,n,1,285.84,3.87,D,0,807,1/4/2020 19:34,POINT (-10976089.76971177 3937117.137516532)
215,-12.9284,-73.2547,340.49,0.38,0.36,1/4/2020,1934,N,VIIRS,n,1,287.33,4.52,D,0,814,1/4/2020 19:34,POINT (-10976474.48987195 3989899.496715144)
216,57.7722,101.8575,330.8,0.55,0.43,1/4/2020,1934,N,VIIRS,n,1,285.65,3.54,D,0,816,1/4/2020 19:34,POINT (-10345776.4376226 3845232.693981874)
217,39.6819,22.7153,341.65,0.38,0.36,1/4/2020,1934,N,VIIRS,n,1,291.41,4.01,D,0,817,1/4/2020 19:34,POINT (-10969206.10635958 3778940.4900611)
218,2.475,40.7189,331.67,0.39,0.36,1/4/2020,1934,N,VIIRS,n,1,292.91,2.35,D,0,818,1/4/2020 19:34,POINT (-11031328.17083575 3837608.088098971)
219,53.8863,113.8962,331.06,0.44,0.38,1/4/2020,1934,N,VIIRS,n,1,289.97,3.07,D,0,821,1/4/2020 19:34,POINT (-10572613.49984595 3713008.516012532)
220,52.3585,22.6284,345.35,0.39,0.44,1/4/2020,1934,N,VIIRS,n,1,285.8,5.41,D,0,823,1/4/2020 19:34,POINT (-10304547.14913699 3950950.142720467)
221,23.7945,35.3269,329.64,0.39,0.36,1/4/2020,1934,N,VIIRS,n,1,289.71,4.86,D,0,824,1/4/2020 19:34,POINT (-10861397.63230593 3784180.743770701)
222,36.9445,109.6395,331.42,0.39,0.36,1/4/2020,1934,N,VIIRS,n,1,289.67,3.49,D,0,825,1/4/2020 19:34,POINT (-11062815.2227651 3891977.751916804)
223,-16.5213,13.4958,329.01,0.4,0.37,1/4/2020,1934,N,VIIRS,n,1,285.34,2.09,D,0,826,1/4/2020 19:34,POINT (-10754717.04733299 3814448.06803943)
224,1.237,15.8374,329.22,0.38,0.36,1/4/2020,1934,N,VIIRS,n,1,290.34,2.81,D,0,827,1/4/2020 19:34,POINT (-10890744.3443858 3711651.754058742)
225,11.4111,-71.9349,350.53,0.41,0.37,1/4/2020,1934,N,VIIRS,n,1,301.06,10.89,D,0,829,1/4/2020 19:34,POINT (-11155874.75484457 3634071.976410512)
226,55.5289,115.7148,338.84,0.46,0.47,1/4/2020,1934,N,VIIRS,n,1,280.6,9.06,D,0,834,1/4/2020 19:34,POINT (-11792308.989135 3817035.466963937)
227,46.8402,91.5985,328.61,0.4,0.37,1/4/2020,1934,N,VIIRS,n,1,286.94,2.44,D,0,837,1/4/2020 19:34,POINT (-10798868.80641041 3961966.876126823)
228,27.3708,72.0804,325.09,0.49,0.4,1/4/2020,1934,N,VIIRS,n,1,282.58,1.71,D,0,838,1/4/2020 19:34,POINT (-10524916.77158423 4075888.126058917)
229,25.6909,77.0771,337.88,0.44,0.46,1/4/2020,1934,N,VIIRS,n,1,282.33,2.81,D,0,842,1/4/2020 19:34,POINT (-10217492.96962734 4053869.687377461)
230,18.7472,0.7095,326.05,0.51,0.41,1/4/2020,1935,N,VIIRS,n,1,282.47,2.17,D,0,844,1/4/2020 19:35,POINT (-10507033.96330523 4199773.472292426)
231,62.8296,160.1345,335.44,0.48,0.4,1/4/2020,1935,N,VIIRS,n,1,284.26,6.33,D,0,845,1/4/2020 19:35,POINT (-10570390.89489277 4135512.403800666)
232,-21.8696,47.9913,335.43,0.4,0.37,1/4/2020,1935,N,VIIRS,n,1,285.33,6.76,D,0,847,1/4/2020 19:35,POINT (-10890970.32295211 4304682.852847351)
233,-18.0995,25.8787,327.87,0.39,0.44,1/4/2020,1935,N,VIIRS,n,1,281.51,2.13,D,0,848,1/4/2020 19:35,POINT (-10368985.21561911 4227681.936551245)
234,39.2731,75.1078,330.87,0.41,0.37,1/4/2020,1935,N,VIIRS,n,1,282.76,2.38,D,0,850,1/4/2020 19:35,POINT (-10814583.33364773 4167277.97709598)
235,33.6504,-92.8492,327.26,0.55,0.43,1/4/2020,1935,N,VIIRS,n,1,281.31,3.36,D,0,855,1/4/2020 19:35,POINT (-10427945.36127879 4194413.104852258)
236,-7.2994,-72.6504,330.84,0.39,0.37,1/4/2020,1935,N,VIIRS,n,1,282.74,2.44,D,0,856,1/4/2020 19:35,POINT (-10889261.56876843 4145743.555560493)
237,30.7365,-90.1813,327.77,0.44,0.39,1/4/2020,1935,N,VIIRS,n,1,279.93,5.15,D,0,858,1/4/2020 19:35,POINT (-10748848.39509786 4426418.619713642)
238,51.7057,47.3509,328.49,0.46,0.39,1/4/2020,1935,N,VIIRS,n,1,281.47,7.58,D,0,859,1/4/2020 19:35,POINT (-10707540.96032971 4479653.60396182)
239,58.4876,-133.3526,342.6,0.48,0.4,1/4/2020,1936,N,VIIRS,n,1,277.37,5.64,D,0,860,1/4/2020 19:36,POINT (-10687640.15232162 4632707.328450945)
240,-42.4041,-65.3395,329.84,0.49,0.65,1/4/2020,1938,N,VIIRS,n,1,272.44,3.57,D,0,861,1/4/2020 19:38,POINT (-13136192.50235304 4988402.712520005)
241,-54.6769,-66.0815,330.19,0.43,0.38,1/4/2020,2117,N,VIIRS,n,1,289.29,9.38,D,0,863,1/4/2020 21:17,POINT (-13580209.21569545 4296789.966991636)
242,12.503,6.1445,327.44,0.41,0.37,1/4/2020,2117,N,VIIRS,n,1,279.05,1.74,D,0,864,1/4/2020 21:17,POINT (-13652059.26783306 4295267.116357583)
243,6.7697,37.4978,327.07,0.47,0.48,1/4/2020,2119,N,VIIRS,n,1,274.41,2.76,D,0,868,1/4/2020 21:19,POINT (-13293356.36508124 5430796.944284099)
244,45.5816,66.8425,298.52,0.51,0.66,1/5/2020,614,N,VIIRS,n,1,272.78,1.09,N,0,869,1/5/2020 6:14,POINT (-8868744.683342151 4040400.140310967)
245,-29.5743,29.3742,299.45,0.46,0.63,1/5/2020,752,N,VIIRS,n,1,268.57,0.93,N,0,872,1/5/2020 7:52,POINT (-11432319.45570859 5325990.75689714)
246,-31.2753,120.5554,301.25,0.48,0.48,1/5/2020,753,N,VIIRS,n,1,268.62,1.13,N,0,876,1/5/2020 7:53,POINT (-10852480.05053746 4937282.909916391)
247,-16.3101,49.8287,308.8,0.39,0.36,1/5/2020,754,N,VIIRS,n,1,270.56,1.1,N,0,878,1/5/2020 7:54,POINT (-10158065.7273843 4390886.88540581)
248,44.5679,91.8311,301.98,0.4,0.37,1/5/2020,754,N,VIIRS,n,1,269.63,0.74,N,0,879,1/5/2020 7:54,POINT (-9845076.507485209 4382172.57302753)
249,-21.7806,134.4648,295.6,0.41,0.37,1/5/2020,754,N,VIIRS,n,1,271.18,0.61,N,0,880,1/5/2020 7:54,POINT (-10318536.78086447 4272435.822754356)
250,-27.3525,-66.0336,295.08,0.48,0.4,1/5/2020,755,N,VIIRS,n,1,274.43,0.69,N,0,882,1/5/2020 7:55,POINT (-10633772.42808777 4085630.473934672)
251,70.6364,127.3574,301.52,0.54,0.42,1/5/2020,755,N,VIIRS,n,1,271.91,1.21,N,0,883,1/5/2020 7:55,POINT (-9615726.296437716 3867482.67720418)
252,9.6823,31.7929,297.29,0.33,0.55,1/5/2020,755,N,VIIRS,n,1,272.82,0.31,N,0,884,1/5/2020 7:55,POINT (-9083489.331919601 3810978.684789367)
253,52.6276,5.617,298.53,0.39,0.36,1/5/2020,756,N,VIIRS,n,1,274.17,0.55,N,0,892,1/5/2020 7:56,POINT (-10374926.11420377 3698523.623870511)
254,45.4861,-105.8974,298.34,0.49,0.49,1/5/2020,756,N,VIIRS,n,1,275.95,0.8,N,0,899,1/5/2020 7:56,POINT (-9482327.586521013 3416949.209551245)
255,-2.2949,25.4931,299.84,0.44,0.38,1/5/2020,756,N,VIIRS,n,1,274.71,0.44,N,0,900,1/5/2020 7:56,POINT (-9966411.746823624 3521416.985686191)
256,51.269,56.5448,295.36,0.46,0.47,1/5/2020,756,N,VIIRS,n,1,272.72,0.29,N,0,903,1/5/2020 7:56,POINT (-9475945.083516382 3621631.46671691)
257,45.9155,-92.4871,300.21,0.33,0.55,1/5/2020,756,N,VIIRS,n,1,277.24,0.56,N,0,906,1/5/2020 7:56,POINT (-9214440.460192233 3453523.005612392)
258,51.4421,29.8307,296.04,0.4,0.37,1/5/2020,757,N,VIIRS,n,1,279.07,0.43,N,0,936,1/5/2020 7:57,POINT (-10181007.89520036 3304215.181988461)
259,37.9473,60.579,296.93,0.39,0.44,1/5/2020,757,N,VIIRS,n,1,277.94,4.13,N,0,952,1/5/2020 7:57,POINT (-10978814.31424893 3472568.545972723)
260,38.5237,54.4308,298.81,0.39,0.36,1/5/2020,757,N,VIIRS,n,1,277.51,0.45,N,0,977,1/5/2020 7:57,POINT (-10231897.15513854 3399771.610246425)
261,-7.1087,-35.8179,300.77,0.44,0.46,1/5/2020,933,N,VIIRS,n,1,253.16,0.98,N,0,989,1/5/2020 9:33,POINT (-11519799.09831205 5328340.266069824)
262,-37.6116,-63.6858,313.89,0.47,0.48,1/5/2020,934,N,VIIRS,n,1,268.07,1.59,N,0,999,1/5/2020 9:34,POINT (-11721417.84309109 4871280.47063015)
263,-25.4248,144.991,320.22,0.4,0.45,1/5/2020,936,N,VIIRS,n,1,261.85,0.5,N,0,1000,1/5/2020 9:36,POINT (-12164447.70914761 4248614.676238993)
264,4.8161,-75.6457,329.62,0.78,0.78,1/5/2020,1733,N,VIIRS,n,1,284.76,6.37,D,0,1050,1/5/2020 17:33,POINT (-9355002.245383009 3451067.965562438)
265,64.056,109.6409,348.01,0.73,0.76,1/5/2020,1734,N,VIIRS,n,1,285.69,11.22,D,0,1051,1/5/2020 17:34,POINT (-9378406.389085861 3637501.841241344)
266,52.0423,84.8652,325.17,0.44,0.46,1/5/2020,1735,N,VIIRS,n,1,281.76,2.64,D,0,1052,1/5/2020 17:35,POINT (-8542241.277260754 4179653.587526449)
267,30.1014,69.1261,208,0.4,0.6,1/5/2020,1912,N,VIIRS,l,1,318.86,64.77,D,0,1053,1/5/2020 19:12,POINT (-8994494.631046446 2944629.293035666)
268,-41.8774,173.5579,344.58,0.35,0.56,1/5/2020,1912,N,VIIRS,n,1,294.36,2.32,D,0,1057,1/5/2020 19:12,POINT (-9110181.18546354 3001489.507821018)
269,23.9124,111.2415,332.28,0.36,0.57,1/5/2020,1913,N,VIIRS,n,1,292.47,1.89,D,0,1063,1/5/2020 19:13,POINT (-9105729.185068244 3094101.312908518)
270,53.3539,57.983,337.76,0.36,0.57,1/5/2020,1913,N,VIIRS,n,1,291.42,2.05,D,0,1068,1/5/2020 19:13,POINT (-9117031.675607469 3205365.143956395)
271,31.8433,-83.8141,349.46,0.43,0.46,1/5/2020,1913,N,VIIRS,n,1,303.89,8.08,D,0,1070,1/5/2020 19:13,POINT (-10905515.43893865 2990286.870865036)
272,58.2209,123.8262,336.39,0.39,0.59,1/5/2020,1913,N,VIIRS,n,1,291.72,2.87,D,0,1073,1/5/2020 19:13,POINT (-9054558.843415812 3245187.1314394)
273,23.7311,97.2217,325.84,0.35,0.57,1/5/2020,1913,N,VIIRS,n,1,287.83,1.43,D,0,1074,1/5/2020 19:13,POINT (-9153903.139986997 3347311.187015187)
274,54.8504,-90.0362,350.11,0.39,0.44,1/5/2020,1914,N,VIIRS,n,1,305.37,58.15,D,0,1082,1/5/2020 19:14,POINT (-9657819.424171885 3403545.563623299)
275,43.5554,44.3114,326.33,0.53,0.5,1/5/2020,1914,N,VIIRS,n,1,288.7,2.32,D,0,1091,1/5/2020 19:14,POINT (-9412197.420516159 3434847.379919968)
276,23.6695,98.9993,325.72,0.48,0.4,1/5/2020,1914,N,VIIRS,n,1,294.91,1.04,D,0,1098,1/5/2020 19:14,POINT (-10717902.46721326 3324876.524757655)
277,49.5362,118.6365,330.91,0.4,0.37,1/5/2020,1914,N,VIIRS,n,1,292.27,2.57,D,0,1110,1/5/2020 19:14,POINT (-10136778.88039634 3447689.864294825)
278,-36.7486,149.0093,325.49,0.39,0.36,1/5/2020,1914,N,VIIRS,n,1,293.06,0.97,D,0,1111,1/5/2020 19:14,POINT (-10414455.88802344 3537987.003210261)
279,-14.5944,-50.878,329.97,0.39,0.36,1/5/2020,1915,N,VIIRS,n,1,292.04,3.18,D,0,1138,1/5/2020 19:15,POINT (-10476524.51914403 3671783.902945532)
280,51.8261,33.0017,335.71,0.39,0.36,1/5/2020,1915,N,VIIRS,n,1,289.43,3.36,D,0,1139,1/5/2020 19:15,POINT (-10530759.15241953 4000658.414180823)
281,-6.7855,25.6547,332.34,0.4,0.37,1/5/2020,1915,N,VIIRS,n,1,290.71,12,D,0,1141,1/5/2020 19:15,POINT (-10275373.6501848 4057944.203379477)
282,34.2768,46.0014,340.26,0.45,0.39,1/5/2020,1915,N,VIIRS,n,1,289.01,4.31,D,0,1145,1/5/2020 19:15,POINT (-10110044.61412641 4067347.583405766)
283,41.5004,-118.8147,329.64,0.4,0.37,1/5/2020,1915,N,VIIRS,n,1,292.07,4.66,D,0,1146,1/5/2020 19:15,POINT (-10258787.71397354 3842620.582130409)
284,28.9019,96.0932,329.02,0.38,0.36,1/5/2020,1915,N,VIIRS,n,1,294.48,6.48,D,0,1148,1/5/2020 19:15,POINT (-10469521.96657568 3851904.73898206)
285,64.1603,10.4742,330.17,0.42,0.38,1/5/2020,1915,N,VIIRS,n,1,293.05,2.53,D,0,1159,1/5/2020 19:15,POINT (-10688078.41715687 3753570.221511859)
286,29.109,117.7976,328.67,0.4,0.37,1/5/2020,1915,N,VIIRS,n,1,289.92,2.18,D,0,1163,1/5/2020 19:15,POINT (-10312364.89433642 4018659.777717512)
287,55.187,-75.9741,326.81,0.44,0.46,1/5/2020,1916,N,VIIRS,n,1,280.05,1.75,D,0,1167,1/5/2020 19:16,POINT (-9786422.156466739 4487657.475349856)
288,-47.9856,-68.3129,328.45,0.39,0.36,1/5/2020,1916,N,VIIRS,n,1,300.77,40.12,D,0,1169,1/5/2020 19:16,POINT (-10477765.28618841 4359979.58538451)
289,47.7399,129.2433,338.04,0.38,0.36,1/5/2020,1916,N,VIIRS,n,1,287.44,80.41,D,0,1171,1/5/2020 19:16,POINT (-10621280.04351146 4454890.583234856)
290,48.6939,121.0007,330.12,0.44,0.38,1/5/2020,1916,N,VIIRS,n,1,286.66,3.62,D,0,1172,1/5/2020 19:16,POINT (-10172993.89373866 4211594.043741801)
291,-22.0739,46.4548,330.76,0.44,0.38,1/5/2020,1916,N,VIIRS,n,1,286.07,4.1,D,0,1176,1/5/2020 19:16,POINT (-10231400.33625113 4431947.970140834)
292,50.439,-97.2419,326.92,0.4,0.37,1/5/2020,1916,N,VIIRS,n,1,286.34,1.62,D,0,1181,1/5/2020 19:16,POINT (-10333965.99624689 4125874.584926765)
293,21.898,3.0131,328.99,0.39,0.36,1/5/2020,1916,N,VIIRS,n,1,286.24,3.18,D,0,1182,1/5/2020 19:16,POINT (-10674279.80967559 4328575.355156311)
294,50.5997,-64.0335,326.24,0.43,0.38,1/5/2020,2058,N,VIIRS,n,1,277.82,2.45,D,0,1194,1/5/2020 20:58,POINT (-13782087.89148549 4450282.290274486)
295,47.3629,-106.2517,327.26,0.39,0.36,1/5/2020,2058,N,VIIRS,n,1,285.87,1.98,D,0,1195,1/5/2020 20:58,POINT (-13605549.87326014 4457595.980819604)
296,61.1226,-103.4845,333.94,0.39,0.36,1/5/2020,2058,N,VIIRS,n,1,288.43,3.49,D,0,1196,1/5/2020 20:58,POINT (-13449527.36927105 4270161.008959995)
297,-46.3398,-68.692,326.73,0.41,0.37,1/5/2020,2100,N,VIIRS,n,1,277.08,3.31,D,0,1197,1/5/2020 21:00,POINT (-13435087.5615228 5178584.492814939)
