,eventId,eventState,start,finish,detected,detected_by,reported,reported_by,reported_to,latitude,longitude
0,0,finished,2022-10-03 12:05:00+00:00,2022-10-04 00:05:00+00:00,1900-01-01 00:00:00+00:00,Undetected,1900-01-01 00:00:00+00:00,Unreported,,88,114
1,1,reported,2022-10-03 09:39:00+00:00,2022-10-03 21:39:00+00:00,2022-10-03 18:16:00+00:00,CAPELLA-3-WHITNEY,2022-10-04 07:10:00+00:00,CAPELLA-3-WHITNEY,0,27,44
2,2,reported,2022-10-03 17:05:00+00:00,2022-10-04 05:05:00+00:00,2022-10-04 04:46:00+00:00,CAPELLA-3-WHITNEY,2022-10-04 07:10:00+00:00,CAPELLA-3-WHITNEY,0,-79,-67
3,3,reported,2022-10-03 14:46:00+00:00,2022-10-04 02:46:00+00:00,2022-10-03 15:14:00+00:00,CAPELLA-7-WHITNEY,2022-10-04 07:12:00+00:00,CAPELLA-7-WHITNEY,0,83,-21
4,4,finished,2022-10-03 14:46:00+00:00,2022-10-04 02:46:00+00:00,2022-10-03 14:50:00+00:00,CAPELLA-2-SEQUOIA,1900-01-01 00:00:00+00:00,Unreported,,39,112
5,5,finished,2022-10-03 10:07:00+00:00,2022-10-03 22:07:00+00:00,2022-10-03 14:48:00+00:00,CAPELLA-6-WHITNEY,1900-01-01 00:00:00+00:00,Unreported,,-22,-3
6,6,reported,2022-10-03 10:43:00+00:00,2022-10-03 22:43:00+00:00,2022-10-03 10:48:00+00:00,CAPELLA-5-WHITNEY,2022-10-04 04:50:00+00:00,CAPELLA-5-WHITNEY,0,-82,-59
7,7,finished,2022-10-03 17:42:00+00:00,2022-10-04 05:42:00+00:00,1900-01-01 00:00:00+00:00,Undetected,1900-01-01 00:00:00+00:00,Unreported,,-8,-98
8,8,finished,2022-10-03 16:53:00+00:00,2022-10-04 04:53:00+00:00,2022-10-03 19:04:00+00:00,CAPELLA-2-SEQUOIA,1900-01-01 00:00:00+00:00,Unreported,,12,-70
9,9,reported,2022-10-03 14:45:00+00:00,2022-10-04 02:45:00+00:00,2022-10-03 15:02:00+00:00,CAPELLA-1-DENALI,2022-10-04 06:28:00+00:00,CAPELLA-1-DENALI,0,-1,-59
10,10,reported,2022-10-03 10:11:00+00:00,2022-10-03 22:11:00+00:00,2022-10-03 15:32:00+00:00,CAPELLA-7-WHITNEY,2022-10-04 07:12:00+00:00,CAPELLA-7-WHITNEY,0,18,-79
11,11,reported,2022-10-03 13:22:00+00:00,2022-10-04 01:22:00+00:00,2022-10-03 17:42:00+00:00,CAPELLA-7-WHITNEY,2022-10-04 07:12:00+00:00,CAPELLA-7-WHITNEY,0,-71,81
12,12,reported,2022-10-03 17:24:00+00:00,2022-10-04 05:24:00+00:00,2022-10-03 17:56:00+00:00,CAPELLA-3-WHITNEY,2022-10-04 07:10:00+00:00,CAPELLA-3-WHITNEY,0,-46,63
13,13,reported,2022-10-03 08:48:00+00:00,2022-10-03 20:48:00+00:00,2022-10-03 11:48:00+00:00,CAPELLA-7-WHITNEY,2022-10-04 07:12:00+00:00,CAPELLA-7-WHITNEY,0,35,147
14,14,reported,2022-10-03 15:27:00+00:00,2022-10-04 03:27:00+00:00,2022-10-03 15:54:00+00:00,CAPELLA-7-WHITNEY,2022-10-04 07:12:00+00:00,CAPELLA-7-WHITNEY,0,-65,-102
15,15,reported,2022-10-03 10:59:00+00:00,2022-10-03 22:59:00+00:00,2022-10-03 17:36:00+00:00,CAPELLA-8-WHITNEY,2022-10-04 06:02:00+00:00,CAPELLA-8-WHITNEY,0,15,-110
16,16,reported,2022-10-03 13:13:00+00:00,2022-10-04 01:13:00+00:00,2022-10-03 17:58:00+00:00,CAPELLA-3-WHITNEY,2022-10-04 07:10:00+00:00,CAPELLA-3-WHITNEY,0,-41,60
17,17,finished,2022-10-03 08:07:00+00:00,2022-10-03 20:07:00+00:00,2022-10-03 09:52:00+00:00,CAPELLA-6-WHITNEY,1900-01-01 00:00:00+00:00,Unreported,,1,53
18,18,reported,2022-10-03 13:57:00+00:00,2022-10-04 01:57:00+00:00,2022-10-03 17:08:00+00:00,CAPELLA-7-WHITNEY,2022-10-04 07:12:00+00:00,CAPELLA-7-WHITNEY,0,17,-103
19,19,reported,2022-10-03 18:53:00+00:00,2022-10-04 06:53:00+00:00,2022-10-03 20:16:00+00:00,CAPELLA-7-WHITNEY,2022-10-04 07:12:00+00:00,CAPELLA-7-WHITNEY,0,24,-148
20,20,reported,2022-10-03 14:53:00+00:00,2022-10-04 02:53:00+00:00,2022-10-03 21:30:00+00:00,CAPELLA-3-WHITNEY,2022-10-04 07:10:00+00:00,CAPELLA-3-WHITNEY,0,49,-10
21,21,reported,2022-10-03 07:38:00+00:00,2022-10-03 19:38:00+00:00,2022-10-03 09:22:00+00:00,CAPELLA-7-WHITNEY,2022-10-04 07:12:00+00:00,CAPELLA-7-WHITNEY,0,-23,2
22,22,reported,2022-10-03 17:56:00+00:00,2022-10-04 05:56:00+00:00,2022-10-03 23:58:00+00:00,CAPELLA-1-DENALI,2022-10-04 06:28:00+00:00,CAPELLA-1-DENALI,0,56,-22
23,23,reported,2022-10-03 10:35:00+00:00,2022-10-03 22:35:00+00:00,2022-10-03 16:24:00+00:00,CAPELLA-3-WHITNEY,2022-10-04 07:10:00+00:00,CAPELLA-3-WHITNEY,0,-38,87
24,24,finished,2022-10-03 15:45:00+00:00,2022-10-04 03:45:00+00:00,2022-10-03 17:48:00+00:00,CAPELLA-2-SEQUOIA,1900-01-01 00:00:00+00:00,Unreported,,46,13
25,25,reported,2022-10-03 17:23:00+00:00,2022-10-04 05:23:00+00:00,2022-10-03 19:34:00+00:00,CAPELLA-7-WHITNEY,2022-10-04 07:12:00+00:00,CAPELLA-7-WHITNEY,0,-3,39
26,26,reported,2022-10-03 17:45:00+00:00,2022-10-04 05:45:00+00:00,2022-10-03 20:50:00+00:00,CAPELLA-7-WHITNEY,2022-10-04 07:12:00+00:00,CAPELLA-7-WHITNEY,0,-76,39
27,27,reported,2022-10-03 08:39:00+00:00,2022-10-03 20:39:00+00:00,2022-10-03 11:28:00+00:00,CAPELLA-7-WHITNEY,2022-10-04 07:12:00+00:00,CAPELLA-7-WHITNEY,0,-44,165
28,28,reported,2022-10-03 08:36:00+00:00,2022-10-03 20:36:00+00:00,2022-10-03 09:12:00+00:00,CAPELLA-7-WHITNEY,2022-10-04 07:12:00+00:00,CAPELLA-7-WHITNEY,0,18,16
29,29,reported,2022-10-03 11:11:00+00:00,2022-10-03 23:11:00+00:00,2022-10-03 14:44:00+00:00,CAPELLA-3-WHITNEY,2022-10-04 07:10:00+00:00,CAPELLA-3-WHITNEY,0,-61,111
30,30,reported,2022-10-03 12:29:00+00:00,2022-10-04 00:29:00+00:00,2022-10-03 17:54:00+00:00,CAPELLA-7-WHITNEY,2022-10-04 07:12:00+00:00,CAPELLA-7-WHITNEY,0,-27,63
31,31,finished,2022-10-03 18:41:00+00:00,2022-10-04 06:41:00+00:00,2022-10-04 02:40:00+00:00,CAPELLA-6-WHITNEY,1900-01-01 00:00:00+00:00,Unreported,,-4,-26
32,32,reported,2022-10-03 07:46:00+00:00,2022-10-03 19:46:00+00:00,2022-10-03 10:04:00+00:00,CAPELLA-4-WHITNEY,2022-10-04 07:14:00+00:00,CAPELLA-4-WHITNEY,0,-57,-179
33,33,reported,2022-10-03 10:29:00+00:00,2022-10-03 22:29:00+00:00,2022-10-03 11:42:00+00:00,CAPELLA-5-WHITNEY,2022-10-04 04:50:00+00:00,CAPELLA-5-WHITNEY,0,61,56
34,34,reported,2022-10-03 09:43:00+00:00,2022-10-03 21:43:00+00:00,2022-10-03 10:42:00+00:00,CAPELLA-5-WHITNEY,2022-10-04 04:50:00+00:00,CAPELLA-5-WHITNEY,0,-65,36
35,35,reported,2022-10-03 08:39:00+00:00,2022-10-03 20:39:00+00:00,2022-10-03 08:50:00+00:00,CAPELLA-8-WHITNEY,2022-10-04 06:02:00+00:00,CAPELLA-8-WHITNEY,0,-24,-159
36,36,reported,2022-10-03 10:56:00+00:00,2022-10-03 22:56:00+00:00,2022-10-03 14:42:00+00:00,CAPELLA-3-WHITNEY,2022-10-04 07:10:00+00:00,CAPELLA-3-WHITNEY,0,-65,118
37,37,reported,2022-10-03 07:51:00+00:00,2022-10-03 19:51:00+00:00,2022-10-03 09:18:00+00:00,CAPELLA-3-WHITNEY,2022-10-04 07:10:00+00:00,CAPELLA-3-WHITNEY,0,46,13
38,38,finished,2022-10-03 12:06:00+00:00,2022-10-04 00:06:00+00:00,2022-10-03 18:30:00+00:00,CAPELLA-2-SEQUOIA,1900-01-01 00:00:00+00:00,Unreported,,-44,161
39,39,reported,2022-10-03 17:44:00+00:00,2022-10-04 05:44:00+00:00,2022-10-04 01:40:00+00:00,CAPELLA-7-WHITNEY,2022-10-04 07:12:00+00:00,CAPELLA-7-WHITNEY,0,-61,-45
40,40,reported,2022-10-03 14:02:00+00:00,2022-10-04 02:02:00+00:00,2022-10-03 14:38:00+00:00,CAPELLA-1-DENALI,2022-10-04 06:28:00+00:00,CAPELLA-1-DENALI,0,79,51
41,41,finished,2022-10-03 19:17:00+00:00,2022-10-04 07:17:00+00:00,2022-10-04 04:48:00+00:00,CAPELLA-3-WHITNEY,2022-10-04 07:10:00+00:00,CAPELLA-3-WHITNEY,0,-72,-86
42,42,reported,2022-10-03 09:55:00+00:00,2022-10-03 21:55:00+00:00,2022-10-03 20:50:00+00:00,CAPELLA-1-DENALI,2022-10-04 06:28:00+00:00,CAPELLA-1-DENALI,0,65,21
43,43,reported,2022-10-03 17:28:00+00:00,2022-10-04 05:28:00+00:00,2022-10-03 17:54:00+00:00,CAPELLA-3-WHITNEY,2022-10-04 07:10:00+00:00,CAPELLA-3-WHITNEY,0,-56,62
44,44,finished,2022-10-03 16:56:00+00:00,2022-10-04 04:56:00+00:00,1900-01-01 00:00:00+00:00,Undetected,1900-01-01 00:00:00+00:00,Unreported,,-89,-86
45,45,reported,2022-10-03 08:21:00+00:00,2022-10-03 20:21:00+00:00,2022-10-03 08:40:00+00:00,CAPELLA-3-WHITNEY,2022-10-04 07:10:00+00:00,CAPELLA-3-WHITNEY,0,-16,-161
46,46,reported,2022-10-03 10:19:00+00:00,2022-10-03 22:19:00+00:00,2022-10-04 05:52:00+00:00,CAPELLA-7-WHITNEY,2022-10-04 07:12:00+00:00,CAPELLA-7-WHITNEY,0,10,66
47,47,finished,2022-10-03 17:36:00+00:00,2022-10-04 05:36:00+00:00,2022-10-03 18:36:00+00:00,CAPELLA-2-SEQUOIA,1900-01-01 00:00:00+00:00,Unreported,,-43,-165
48,48,reported,2022-10-03 17:47:00+00:00,2022-10-04 05:47:00+00:00,2022-10-04 00:30:00+00:00,CAPELLA-7-WHITNEY,2022-10-04 07:12:00+00:00,CAPELLA-7-WHITNEY,0,31,-38
49,49,reported,2022-10-03 12:57:00+00:00,2022-10-04 00:57:00+00:00,2022-10-03 15:40:00+00:00,CAPELLA-3-WHITNEY,2022-10-04 07:10:00+00:00,CAPELLA-3-WHITNEY,0,26,-83
50,50,reported,2022-10-03 12:16:00+00:00,2022-10-04 00:16:00+00:00,2022-10-03 12:58:00+00:00,CAPELLA-7-WHITNEY,2022-10-04 07:12:00+00:00,CAPELLA-7-WHITNEY,0,-61,146
51,51,reported,2022-10-03 11:45:00+00:00,2022-10-03 23:45:00+00:00,2022-10-04 00:52:00+00:00,CAPELLA-7-WHITNEY,2022-10-04 07:12:00+00:00,CAPELLA-7-WHITNEY,0,62,152
52,52,finished,2022-10-03 14:55:00+00:00,2022-10-04 02:55:00+00:00,2022-10-03 19:52:00+00:00,CAPELLA-6-WHITNEY,1900-01-01 00:00:00+00:00,Unreported,,-55,-19
53,53,finished,2022-10-03 16:01:00+00:00,2022-10-04 04:01:00+00:00,2022-10-03 16:12:00+00:00,CAPELLA-6-WHITNEY,1900-01-01 00:00:00+00:00,Unreported,,18,-56
54,54,reported,2022-10-03 07:58:00+00:00,2022-10-03 19:58:00+00:00,2022-10-03 12:24:00+00:00,CAPELLA-7-WHITNEY,2022-10-04 07:12:00+00:00,CAPELLA-7-WHITNEY,0,9,-33
55,55,reported,2022-10-03 09:21:00+00:00,2022-10-03 21:21:00+00:00,2022-10-04 02:04:00+00:00,CAPELLA-3-WHITNEY,2022-10-04 07:10:00+00:00,CAPELLA-3-WHITNEY,0,21,-68
56,56,reported,2022-10-03 16:17:00+00:00,2022-10-04 04:17:00+00:00,2022-10-03 20:32:00+00:00,CAPELLA-3-WHITNEY,2022-10-04 07:10:00+00:00,CAPELLA-3-WHITNEY,0,-10,-164
57,57,reported,2022-10-03 14:14:00+00:00,2022-10-04 02:14:00+00:00,2022-10-03 18:32:00+00:00,CAPELLA-5-WHITNEY,2022-10-04 04:50:00+00:00,CAPELLA-5-WHITNEY,0,-64,-70
58,58,reported,2022-10-03 18:14:00+00:00,2022-10-04 06:14:00+00:00,2022-10-03 18:20:00+00:00,CAPELLA-3-WHITNEY,2022-10-04 07:10:00+00:00,CAPELLA-3-WHITNEY,0,43,44
59,59,reported,2022-10-03 12:30:00+00:00,2022-10-04 00:30:00+00:00,2022-10-03 13:04:00+00:00,CAPELLA-3-WHITNEY,2022-10-04 07:10:00+00:00,CAPELLA-3-WHITNEY,0,-81,163
60,60,reported,2022-10-03 13:12:00+00:00,2022-10-04 01:12:00+00:00,2022-10-03 13:14:00+00:00,CAPELLA-5-WHITNEY,2022-10-04 04:50:00+00:00,CAPELLA-5-WHITNEY,0,68,36
61,61,reported,2022-10-03 09:21:00+00:00,2022-10-03 21:21:00+00:00,2022-10-03 14:16:00+00:00,CAPELLA-7-WHITNEY,2022-10-04 07:12:00+00:00,CAPELLA-7-WHITNEY,0,-51,-79
62,62,finished,2022-10-03 15:42:00+00:00,2022-10-04 03:42:00+00:00,2022-10-03 18:02:00+00:00,CAPELLA-2-SEQUOIA,1900-01-01 00:00:00+00:00,Unreported,,28,82
63,63,reported,2022-10-03 17:39:00+00:00,2022-10-04 05:39:00+00:00,2022-10-03 20:54:00+00:00,CAPELLA-3-WHITNEY,2022-10-04 07:10:00+00:00,CAPELLA-3-WHITNEY,0,-84,51
64,64,finished,2022-10-03 11:51:00+00:00,2022-10-03 23:51:00+00:00,2022-10-03 14:40:00+00:00,CAPELLA-6-WHITNEY,1900-01-01 00:00:00+00:00,Unreported,,0,-24
65,65,reported,2022-10-03 09:11:00+00:00,2022-10-03 21:11:00+00:00,2022-10-04 00:28:00+00:00,CAPELLA-1-DENALI,2022-10-04 06:28:00+00:00,CAPELLA-1-DENALI,0,6,162
66,66,reported,2022-10-03 07:59:00+00:00,2022-10-03 19:59:00+00:00,2022-10-03 09:52:00+00:00,CAPELLA-5-WHITNEY,2022-10-04 04:50:00+00:00,CAPELLA-5-WHITNEY,0,54,-121
67,67,reported,2022-10-03 08:50:00+00:00,2022-10-03 20:50:00+00:00,2022-10-03 16:02:00+00:00,CAPELLA-5-WHITNEY,2022-10-04 04:50:00+00:00,CAPELLA-5-WHITNEY,0,34,153
68,68,reported,2022-10-03 08:50:00+00:00,2022-10-03 20:50:00+00:00,2022-10-03 11:44:00+00:00,CAPELLA-5-WHITNEY,2022-10-04 04:50:00+00:00,CAPELLA-5-WHITNEY,0,54,45
69,69,reported,2022-10-03 16:38:00+00:00,2022-10-04 04:38:00+00:00,2022-10-03 17:40:00+00:00,CAPELLA-7-WHITNEY,2022-10-04 07:12:00+00:00,CAPELLA-7-WHITNEY,0,-75,96
70,70,finished,2022-10-03 08:25:00+00:00,2022-10-03 20:25:00+00:00,1900-01-01 00:00:00+00:00,Undetected,1900-01-01 00:00:00+00:00,Unreported,,-90,15
71,71,finished,2022-10-03 09:27:00+00:00,2022-10-03 21:27:00+00:00,2022-10-03 17:46:00+00:00,CAPELLA-2-SEQUOIA,1900-01-01 00:00:00+00:00,Unreported,,41,6
72,72,finished,2022-10-03 10:19:00+00:00,2022-10-03 22:19:00+00:00,2022-10-03 11:28:00+00:00,CAPELLA-2-SEQUOIA,1900-01-01 00:00:00+00:00,Unreported,,44,94
73,73,reported,2022-10-03 09:45:00+00:00,2022-10-03 21:45:00+00:00,2022-10-03 19:40:00+00:00,CAPELLA-7-WHITNEY,2022-10-04 07:12:00+00:00,CAPELLA-7-WHITNEY,0,17,32
74,74,reported,2022-10-03 10:58:00+00:00,2022-10-03 22:58:00+00:00,2022-10-03 19:44:00+00:00,CAPELLA-5-WHITNEY,2022-10-04 04:50:00+00:00,CAPELLA-5-WHITNEY,0,19,-76
75,75,reported,2022-10-03 11:21:00+00:00,2022-10-03 23:21:00+00:00,2022-10-03 11:28:00+00:00,CAPELLA-1-DENALI,2022-10-04 06:28:00+00:00,CAPELLA-1-DENALI,0,82,136
76,76,reported,2022-10-03 12:07:00+00:00,2022-10-04 00:07:00+00:00,2022-10-03 16:38:00+00:00,CAPELLA-3-WHITNEY,2022-10-04 07:10:00+00:00,CAPELLA-3-WHITNEY,0,13,73
77,77,reported,2022-10-03 08:27:00+00:00,2022-10-03 20:27:00+00:00,2022-10-03 08:54:00+00:00,CAPELLA-7-WHITNEY,2022-10-04 07:12:00+00:00,CAPELLA-7-WHITNEY,0,78,78
78,78,finished,2022-10-03 18:48:00+00:00,2022-10-04 06:48:00+00:00,2022-10-03 23:02:00+00:00,CAPELLA-6-WHITNEY,1900-01-01 00:00:00+00:00,Unreported,,-50,-76
79,79,finished,2022-10-03 14:29:00+00:00,2022-10-04 02:29:00+00:00,2022-10-03 14:50:00+00:00,CAPELLA-6-WHITNEY,1900-01-01 00:00:00+00:00,Unreported,,-24,-3
80,80,finished,2022-10-03 14:14:00+00:00,2022-10-04 02:14:00+00:00,2022-10-03 16:48:00+00:00,CAPELLA-6-WHITNEY,1900-01-01 00:00:00+00:00,Unreported,,-49,73
81,81,reported,2022-10-03 14:33:00+00:00,2022-10-04 02:33:00+00:00,2022-10-03 16:20:00+00:00,CAPELLA-7-WHITNEY,2022-10-04 07:12:00+00:00,CAPELLA-7-WHITNEY,0,-22,84
82,82,finished,2022-10-03 09:29:00+00:00,2022-10-03 21:29:00+00:00,2022-10-03 14:12:00+00:00,CAPELLA-6-WHITNEY,1900-01-01 00:00:00+00:00,Unreported,,47,-131
83,83,finished,2022-10-03 10:34:00+00:00,2022-10-03 22:34:00+00:00,2022-10-03 13:04:00+00:00,CAPELLA-2-SEQUOIA,1900-01-01 00:00:00+00:00,Unreported,,43,78
84,84,reported,2022-10-03 09:07:00+00:00,2022-10-03 21:07:00+00:00,2022-10-03 14:46:00+00:00,CAPELLA-7-WHITNEY,2022-10-04 07:12:00+00:00,CAPELLA-7-WHITNEY,0,-13,113
85,85,finished,2022-10-03 10:09:00+00:00,2022-10-03 22:09:00+00:00,1900-01-01 00:00:00+00:00,Undetected,1900-01-01 00:00:00+00:00,Unreported,,-89,-1
86,86,reported,2022-10-03 11:26:00+00:00,2022-10-03 23:26:00+00:00,2022-10-03 13:18:00+00:00,CAPELLA-7-WHITNEY,2022-10-04 07:12:00+00:00,CAPELLA-7-WHITNEY,0,15,132
87,87,reported,2022-10-03 13:47:00+00:00,2022-10-04 01:47:00+00:00,2022-10-04 05:52:00+00:00,CAPELLA-7-WHITNEY,2022-10-04 07:12:00+00:00,CAPELLA-7-WHITNEY,0,11,67
88,88,reported,2022-10-03 15:22:00+00:00,2022-10-04 03:22:00+00:00,2022-10-03 23:18:00+00:00,CAPELLA-4-WHITNEY,2022-10-04 07:14:00+00:00,CAPELLA-4-WHITNEY,0,84,-147
89,89,reported,2022-10-03 19:06:00+00:00,2022-10-04 07:06:00+00:00,2022-10-04 05:06:00+00:00,CAPELLA-4-WHITNEY,2022-10-04 07:14:00+00:00,CAPELLA-4-WHITNEY,0,-18,-113
90,90,finished,2022-10-03 16:24:00+00:00,2022-10-04 04:24:00+00:00,2022-10-04 01:04:00+00:00,CAPELLA-6-WHITNEY,1900-01-01 00:00:00+00:00,Unreported,,-5,-2
91,91,reported,2022-10-03 15:47:00+00:00,2022-10-04 03:47:00+00:00,2022-10-03 17:28:00+00:00,CAPELLA-7-WHITNEY,2022-10-04 07:12:00+00:00,CAPELLA-7-WHITNEY,0,-57,-130
92,92,reported,2022-10-03 10:15:00+00:00,2022-10-03 22:15:00+00:00,2022-10-03 16:24:00+00:00,CAPELLA-8-WHITNEY,2022-10-04 06:02:00+00:00,CAPELLA-8-WHITNEY,0,-67,-122
93,93,reported,2022-10-03 19:20:00+00:00,2022-10-04 07:20:00+00:00,2022-10-04 02:40:00+00:00,CAPELLA-7-WHITNEY,2022-10-04 07:12:00+00:00,CAPELLA-7-WHITNEY,0,15,111
94,94,reported,2022-10-03 14:10:00+00:00,2022-10-04 02:10:00+00:00,2022-10-03 15:42:00+00:00,CAPELLA-5-WHITNEY,2022-10-04 04:50:00+00:00,CAPELLA-5-WHITNEY,0,-45,170
95,95,detected,2022-10-03 07:53:00+00:00,2022-10-03 19:53:00+00:00,2022-10-03 20:16:00+00:00,CAPELLA-6-WHITNEY,1900-01-01 00:00:00+00:00,Unreported,,-4,71
96,96,reported,2022-10-03 16:35:00+00:00,2022-10-04 04:35:00+00:00,2022-10-03 17:02:00+00:00,CAPELLA-1-DENALI,2022-10-04 06:28:00+00:00,CAPELLA-1-DENALI,0,-78,135
97,97,finished,2022-10-03 16:39:00+00:00,2022-10-04 04:39:00+00:00,1900-01-01 00:00:00+00:00,Undetected,1900-01-01 00:00:00+00:00,Unreported,,87,-92
98,98,finished,2022-10-03 10:48:00+00:00,2022-10-03 22:48:00+00:00,1900-01-01 00:00:00+00:00,Undetected,1900-01-01 00:00:00+00:00,Unreported,,-89,-145
99,99,finished,2022-10-03 17:12:00+00:00,2022-10-04 05:12:00+00:00,2022-10-04 00:02:00+00:00,CAPELLA-6-WHITNEY,1900-01-01 00:00:00+00:00,Unreported,,41,152
100,100,finished,2022-10-03 17:36:00+00:00,2022-10-04 05:36:00+00:00,2022-10-03 17:38:00+00:00,CAPELLA-6-WHITNEY,1900-01-01 00:00:00+00:00,Unreported,,44,-108
101,101,reported,2022-10-03 11:49:00+00:00,2022-10-03 23:49:00+00:00,2022-10-03 12:34:00+00:00,CAPELLA-4-WHITNEY,2022-10-04 07:14:00+00:00,CAPELLA-4-WHITNEY,0,22,-39
102,102,finished,2022-10-03 17:35:00+00:00,2022-10-04 05:35:00+00:00,2022-10-03 19:50:00+00:00,CAPELLA-6-WHITNEY,1900-01-01 00:00:00+00:00,Unreported,,-51,-33
103,103,finished,2022-10-03 16:55:00+00:00,2022-10-04 04:55:00+00:00,1900-01-01 00:00:00+00:00,Undetected,1900-01-01 00:00:00+00:00,Unreported,,-21,-71
104,104,reported,2022-10-03 10:33:00+00:00,2022-10-03 22:33:00+00:00,2022-10-03 19:34:00+00:00,CAPELLA-3-WHITNEY,2022-10-04 07:10:00+00:00,CAPELLA-3-WHITNEY,0,-32,37
105,105,reported,2022-10-03 07:35:00+00:00,2022-10-03 19:35:00+00:00,2022-10-03 08:10:00+00:00,CAPELLA-7-WHITNEY,2022-10-04 07:12:00+00:00,CAPELLA-7-WHITNEY,0,-69,-122
106,106,finished,2022-10-03 15:46:00+00:00,2022-10-04 03:46:00+00:00,2022-10-03 17:40:00+00:00,CAPELLA-2-SEQUOIA,1900-01-01 00:00:00+00:00,Unreported,,34,-20
107,107,reported,2022-10-03 17:30:00+00:00,2022-10-04 05:30:00+00:00,2022-10-03 19:06:00+00:00,CAPELLA-7-WHITNEY,2022-10-04 07:12:00+00:00,CAPELLA-7-WHITNEY,0,-69,-156
108,108,reported,2022-10-03 11:34:00+00:00,2022-10-03 23:34:00+00:00,2022-10-03 13:00:00+00:00,CAPELLA-5-WHITNEY,2022-10-04 04:50:00+00:00,CAPELLA-5-WHITNEY,0,56,-170
109,109,reported,2022-10-03 18:28:00+00:00,2022-10-04 06:28:00+00:00,2022-10-03 19:20:00+00:00,CAPELLA-3-WHITNEY,2022-10-04 07:10:00+00:00,CAPELLA-3-WHITNEY,0,-83,68
110,110,reported,2022-10-03 16:13:00+00:00,2022-10-04 04:13:00+00:00,2022-10-04 01:24:00+00:00,CAPELLA-7-WHITNEY,2022-10-04 07:12:00+00:00,CAPELLA-7-WHITNEY,0,-57,118
111,111,reported,2022-10-03 09:53:00+00:00,2022-10-03 21:53:00+00:00,2022-10-03 10:26:00+00:00,CAPELLA-8-WHITNEY,2022-10-04 06:02:00+00:00,CAPELLA-8-WHITNEY,0,-19,178
112,112,reported,2022-10-03 17:55:00+00:00,2022-10-04 05:55:00+00:00,2022-10-03 20:42:00+00:00,CAPELLA-7-WHITNEY,2022-10-04 07:12:00+00:00,CAPELLA-7-WHITNEY,0,-70,168
113,113,finished,2022-10-03 13:36:00+00:00,2022-10-04 01:36:00+00:00,2022-10-03 16:22:00+00:00,CAPELLA-6-WHITNEY,1900-01-01 00:00:00+00:00,Unreported,,-12,-31
114,114,reported,2022-10-03 14:36:00+00:00,2022-10-04 02:36:00+00:00,2022-10-03 15:06:00+00:00,CAPELLA-3-WHITNEY,2022-10-04 07:10:00+00:00,CAPELLA-3-WHITNEY,0,22,93
115,115,finished,2022-10-03 19:15:00+00:00,2022-10-04 07:15:00+00:00,2022-10-03 21:38:00+00:00,CAPELLA-5-WHITNEY,2022-10-04 04:50:00+00:00,CAPELLA-5-WHITNEY,0,-56,-113
116,116,reported,2022-10-03 17:11:00+00:00,2022-10-04 05:11:00+00:00,2022-10-03 20:48:00+00:00,CAPELLA-7-WHITNEY,2022-10-04 07:12:00+00:00,CAPELLA-7-WHITNEY,0,-85,67
117,117,finished,2022-10-03 14:35:00+00:00,2022-10-04 02:35:00+00:00,2022-10-03 19:32:00+00:00,CAPELLA-2-SEQUOIA,1900-01-01 00:00:00+00:00,Unreported,,39,38
118,118,reported,2022-10-03 12:30:00+00:00,2022-10-04 00:30:00+00:00,2022-10-03 18:36:00+00:00,CAPELLA-3-WHITNEY,2022-10-04 07:10:00+00:00,CAPELLA-3-WHITNEY,0,72,-116
119,119,reported,2022-10-03 12:05:00+00:00,2022-10-04 00:05:00+00:00,2022-10-03 15:10:00+00:00,CAPELLA-3-WHITNEY,2022-10-04 07:10:00+00:00,CAPELLA-3-WHITNEY,0,36,92
120,120,reported,2022-10-03 15:10:00+00:00,2022-10-04 03:10:00+00:00,2022-10-03 17:54:00+00:00,CAPELLA-4-WHITNEY,2022-10-04 07:14:00+00:00,CAPELLA-4-WHITNEY,0,-60,63
121,121,reported,2022-10-03 12:26:00+00:00,2022-10-04 00:26:00+00:00,2022-10-03 14:48:00+00:00,CAPELLA-5-WHITNEY,2022-10-04 04:50:00+00:00,CAPELLA-5-WHITNEY,0,67,20
122,122,finished,2022-10-03 18:13:00+00:00,2022-10-04 06:13:00+00:00,2022-10-03 23:58:00+00:00,CAPELLA-2-SEQUOIA,1900-01-01 00:00:00+00:00,Unreported,,40,-111
123,123,finished,2022-10-03 09:21:00+00:00,2022-10-03 21:21:00+00:00,2022-10-03 15:00:00+00:00,CAPELLA-6-WHITNEY,1900-01-01 00:00:00+00:00,Unreported,,-50,32
124,124,finished,2022-10-03 18:54:00+00:00,2022-10-04 06:54:00+00:00,2022-10-04 00:34:00+00:00,CAPELLA-2-SEQUOIA,1900-01-01 00:00:00+00:00,Unreported,,-15,24
125,125,reported,2022-10-03 08:35:00+00:00,2022-10-03 20:35:00+00:00,2022-10-03 14:14:00+00:00,CAPELLA-8-WHITNEY,2022-10-04 06:02:00+00:00,CAPELLA-8-WHITNEY,0,60,-58
126,126,finished,2022-10-03 09:19:00+00:00,2022-10-03 21:19:00+00:00,1900-01-01 00:00:00+00:00,Undetected,1900-01-01 00:00:00+00:00,Unreported,,88,40
127,127,finished,2022-10-03 17:15:00+00:00,2022-10-04 05:15:00+00:00,1900-01-01 00:00:00+00:00,Undetected,1900-01-01 00:00:00+00:00,Unreported,,-51,80
128,128,reported,2022-10-03 16:06:00+00:00,2022-10-04 04:06:00+00:00,2022-10-03 16:42:00+00:00,CAPELLA-7-WHITNEY,2022-10-04 07:12:00+00:00,CAPELLA-7-WHITNEY,0,65,67
129,129,reported,2022-10-03 12:38:00+00:00,2022-10-04 00:38:00+00:00,2022-10-04 02:02:00+00:00,CAPELLA-1-DENALI,2022-10-04 06:28:00+00:00,CAPELLA-1-DENALI,0,10,139
130,130,reported,2022-10-03 17:14:00+00:00,2022-10-04 05:14:00+00:00,2022-10-03 23:24:00+00:00,CAPELLA-7-WHITNEY,2022-10-04 07:12:00+00:00,CAPELLA-7-WHITNEY,0,36,169
131,131,finished,2022-10-03 08:54:00+00:00,2022-10-03 20:54:00+00:00,2022-10-03 15:06:00+00:00,CAPELLA-2-SEQUOIA,1900-01-01 00:00:00+00:00,Unreported,,-3,162
132,132,finished,2022-10-03 13:20:00+00:00,2022-10-04 01:20:00+00:00,2022-10-03 14:16:00+00:00,CAPELLA-2-SEQUOIA,1900-01-01 00:00:00+00:00,Unreported,,-2,-15
133,133,reported,2022-10-03 08:15:00+00:00,2022-10-03 20:15:00+00:00,2022-10-03 12:44:00+00:00,CAPELLA-7-WHITNEY,2022-10-04 07:12:00+00:00,CAPELLA-7-WHITNEY,0,-61,-58
134,134,detected,2022-10-03 07:55:00+00:00,2022-10-03 19:55:00+00:00,2022-10-04 02:40:00+00:00,CAPELLA-6-WHITNEY,1900-01-01 00:00:00+00:00,Unreported,,-7,-28
135,135,reported,2022-10-03 16:02:00+00:00,2022-10-04 04:02:00+00:00,2022-10-03 19:50:00+00:00,CAPELLA-5-WHITNEY,2022-10-04 04:50:00+00:00,CAPELLA-5-WHITNEY,0,-4,-80
136,136,finished,2022-10-03 18:19:00+00:00,2022-10-04 06:19:00+00:00,2022-10-03 19:10:00+00:00,CAPELLA-5-WHITNEY,2022-10-04 04:50:00+00:00,CAPELLA-5-WHITNEY,0,31,105
137,137,reported,2022-10-03 18:43:00+00:00,2022-10-04 06:43:00+00:00,2022-10-03 20:20:00+00:00,CAPELLA-3-WHITNEY,2022-10-04 07:10:00+00:00,CAPELLA-3-WHITNEY,0,37,-154
138,138,reported,2022-10-03 10:10:00+00:00,2022-10-03 22:10:00+00:00,2022-10-03 15:04:00+00:00,CAPELLA-7-WHITNEY,2022-10-04 07:12:00+00:00,CAPELLA-7-WHITNEY,0,53,95
139,139,reported,2022-10-03 07:21:00+00:00,2022-10-03 19:21:00+00:00,2022-10-03 10:08:00+00:00,CAPELLA-5-WHITNEY,2022-10-04 04:50:00+00:00,CAPELLA-5-WHITNEY,0,60,80
140,140,finished,2022-10-03 09:28:00+00:00,2022-10-03 21:28:00+00:00,1900-01-01 00:00:00+00:00,Undetected,1900-01-01 00:00:00+00:00,Unreported,,89,34
141,141,reported,2022-10-03 13:04:00+00:00,2022-10-04 01:04:00+00:00,2022-10-03 20:02:00+00:00,CAPELLA-7-WHITNEY,2022-10-04 07:12:00+00:00,CAPELLA-7-WHITNEY,0,77,-126
142,142,reported,2022-10-03 07:43:00+00:00,2022-10-03 19:43:00+00:00,2022-10-03 12:08:00+00:00,CAPELLA-7-WHITNEY,2022-10-04 07:12:00+00:00,CAPELLA-7-WHITNEY,0,70,-22
143,143,reported,2022-10-03 18:34:00+00:00,2022-10-04 06:34:00+00:00,2022-10-03 19:02:00+00:00,CAPELLA-3-WHITNEY,2022-10-04 07:10:00+00:00,CAPELLA-3-WHITNEY,0,-28,-144
144,144,reported,2022-10-03 14:46:00+00:00,2022-10-04 02:46:00+00:00,2022-10-03 23:52:00+00:00,CAPELLA-5-WHITNEY,2022-10-04 04:50:00+00:00,CAPELLA-5-WHITNEY,0,28,36
145,145,reported,2022-10-03 08:35:00+00:00,2022-10-03 20:35:00+00:00,2022-10-03 12:34:00+00:00,CAPELLA-5-WHITNEY,2022-10-04 04:50:00+00:00,CAPELLA-5-WHITNEY,0,-46,-142
146,146,finished,2022-10-03 18:23:00+00:00,2022-10-04 06:23:00+00:00,2022-10-03 20:52:00+00:00,CAPELLA-2-SEQUOIA,1900-01-01 00:00:00+00:00,Unreported,,40,-52
147,147,finished,2022-10-03 13:49:00+00:00,2022-10-04 01:49:00+00:00,2022-10-03 15:02:00+00:00,CAPELLA-6-WHITNEY,1900-01-01 00:00:00+00:00,Unreported,,-52,42
148,148,finished,2022-10-03 10:10:00+00:00,2022-10-03 22:10:00+00:00,2022-10-03 17:18:00+00:00,CAPELLA-2-SEQUOIA,1900-01-01 00:00:00+00:00,Unreported,,-19,-79
149,149,reported,2022-10-03 16:39:00+00:00,2022-10-04 04:39:00+00:00,2022-10-03 22:12:00+00:00,CAPELLA-3-WHITNEY,2022-10-04 07:10:00+00:00,CAPELLA-3-WHITNEY,0,-30,170
150,150,finished,2022-10-03 13:54:00+00:00,2022-10-04 01:54:00+00:00,2022-10-03 21:14:00+00:00,CAPELLA-6-WHITNEY,1900-01-01 00:00:00+00:00,Unreported,,-25,-104
151,151,finished,2022-10-03 13:44:00+00:00,2022-10-04 01:44:00+00:00,2022-10-03 18:32:00+00:00,CAPELLA-2-SEQUOIA,1900-01-01 00:00:00+00:00,Unreported,,-45,175
152,152,reported,2022-10-03 15:05:00+00:00,2022-10-04 03:05:00+00:00,2022-10-03 15:38:00+00:00,CAPELLA-1-DENALI,2022-10-04 06:28:00+00:00,CAPELLA-1-DENALI,0,-48,120
153,153,finished,2022-10-03 16:36:00+00:00,2022-10-04 04:36:00+00:00,1900-01-01 00:00:00+00:00,Undetected,1900-01-01 00:00:00+00:00,Unreported,,9,70
154,154,reported,2022-10-03 17:31:00+00:00,2022-10-04 05:31:00+00:00,2022-10-04 00:34:00+00:00,CAPELLA-7-WHITNEY,2022-10-04 07:12:00+00:00,CAPELLA-7-WHITNEY,0,48,-51
155,155,finished,2022-10-03 16:15:00+00:00,2022-10-04 04:15:00+00:00,2022-10-03 16:18:00+00:00,CAPELLA-2-SEQUOIA,1900-01-01 00:00:00+00:00,Unreported,,44,65
156,156,reported,2022-10-03 14:15:00+00:00,2022-10-04 02:15:00+00:00,2022-10-03 20:38:00+00:00,CAPELLA-7-WHITNEY,2022-10-04 07:12:00+00:00,CAPELLA-7-WHITNEY,0,-57,-173
157,157,finished,2022-10-03 16:51:00+00:00,2022-10-04 04:51:00+00:00,2022-10-03 17:58:00+00:00,CAPELLA-5-WHITNEY,2022-10-04 04:50:00+00:00,CAPELLA-5-WHITNEY,0,63,-30
158,158,finished,2022-10-03 10:22:00+00:00,2022-10-03 22:22:00+00:00,2022-10-03 10:26:00+00:00,CAPELLA-2-SEQUOIA,1900-01-01 00:00:00+00:00,Unreported,,-9,-124
159,159,finished,2022-10-03 12:00:00+00:00,2022-10-04 00:00:00+00:00,2022-10-03 18:30:00+00:00,CAPELLA-6-WHITNEY,1900-01-01 00:00:00+00:00,Unreported,,-31,72
160,160,finished,2022-10-03 13:04:00+00:00,2022-10-04 01:04:00+00:00,1900-01-01 00:00:00+00:00,Undetected,1900-01-01 00:00:00+00:00,Unreported,,-90,88
161,161,reported,2022-10-03 12:00:00+00:00,2022-10-04 00:00:00+00:00,2022-10-03 19:30:00+00:00,CAPELLA-4-WHITNEY,2022-10-04 07:14:00+00:00,CAPELLA-4-WHITNEY,0,-58,41
162,162,reported,2022-10-03 13:59:00+00:00,2022-10-04 01:59:00+00:00,2022-10-03 19:02:00+00:00,CAPELLA-7-WHITNEY,2022-10-04 07:12:00+00:00,CAPELLA-7-WHITNEY,0,-53,-143
163,163,finished,2022-10-03 14:01:00+00:00,2022-10-04 02:01:00+00:00,2022-10-03 16:48:00+00:00,CAPELLA-2-SEQUOIA,1900-01-01 00:00:00+00:00,Unreported,,-25,155
164,164,finished,2022-10-03 13:19:00+00:00,2022-10-04 01:19:00+00:00,2022-10-03 17:40:00+00:00,CAPELLA-2-SEQUOIA,1900-01-01 00:00:00+00:00,Unreported,,35,-17
165,165,reported,2022-10-03 15:47:00+00:00,2022-10-04 03:47:00+00:00,2022-10-03 17:44:00+00:00,CAPELLA-4-WHITNEY,2022-10-04 07:14:00+00:00,CAPELLA-4-WHITNEY,0,-74,-164
166,166,reported,2022-10-03 17:14:00+00:00,2022-10-04 05:14:00+00:00,2022-10-03 23:40:00+00:00,CAPELLA-7-WHITNEY,2022-10-04 07:12:00+00:00,CAPELLA-7-WHITNEY,0,-21,150
167,167,reported,2022-10-03 13:11:00+00:00,2022-10-04 01:11:00+00:00,2022-10-03 15:34:00+00:00,CAPELLA-7-WHITNEY,2022-10-04 07:12:00+00:00,CAPELLA-7-WHITNEY,0,12,-81
168,168,finished,2022-10-03 18:58:00+00:00,2022-10-04 06:58:00+00:00,2022-10-03 21:04:00+00:00,CAPELLA-5-WHITNEY,2022-10-04 04:50:00+00:00,CAPELLA-5-WHITNEY,0,70,-80
169,169,finished,2022-10-03 07:27:00+00:00,2022-10-03 19:27:00+00:00,2022-10-03 13:02:00+00:00,CAPELLA-6-WHITNEY,1900-01-01 00:00:00+00:00,Unreported,,12,-3
170,170,reported,2022-10-03 13:24:00+00:00,2022-10-04 01:24:00+00:00,2022-10-03 13:56:00+00:00,CAPELLA-7-WHITNEY,2022-10-04 07:12:00+00:00,CAPELLA-7-WHITNEY,0,23,-58
171,171,reported,2022-10-03 13:57:00+00:00,2022-10-04 01:57:00+00:00,2022-10-03 14:38:00+00:00,CAPELLA-7-WHITNEY,2022-10-04 07:12:00+00:00,CAPELLA-7-WHITNEY,0,-47,121
172,172,reported,2022-10-03 08:12:00+00:00,2022-10-03 20:12:00+00:00,2022-10-03 17:42:00+00:00,CAPELLA-5-WHITNEY,2022-10-04 04:50:00+00:00,CAPELLA-5-WHITNEY,0,53,124
173,173,reported,2022-10-03 14:32:00+00:00,2022-10-04 02:32:00+00:00,2022-10-03 20:14:00+00:00,CAPELLA-7-WHITNEY,2022-10-04 07:12:00+00:00,CAPELLA-7-WHITNEY,0,35,-151
174,174,reported,2022-10-03 08:50:00+00:00,2022-10-03 20:50:00+00:00,2022-10-03 12:40:00+00:00,CAPELLA-3-WHITNEY,2022-10-04 07:10:00+00:00,CAPELLA-3-WHITNEY,0,-7,-47
175,175,finished,2022-10-03 09:26:00+00:00,2022-10-03 21:26:00+00:00,2022-10-03 19:36:00+00:00,CAPELLA-6-WHITNEY,1900-01-01 00:00:00+00:00,Unreported,,-19,-84
176,176,reported,2022-10-03 14:40:00+00:00,2022-10-04 02:40:00+00:00,2022-10-03 15:38:00+00:00,CAPELLA-3-WHITNEY,2022-10-04 07:10:00+00:00,CAPELLA-3-WHITNEY,0,31,-85
177,177,reported,2022-10-03 10:00:00+00:00,2022-10-03 22:00:00+00:00,2022-10-03 12:38:00+00:00,CAPELLA-5-WHITNEY,2022-10-04 04:50:00+00:00,CAPELLA-5-WHITNEY,0,-30,-150
178,178,reported,2022-10-03 08:48:00+00:00,2022-10-03 20:48:00+00:00,2022-10-03 11:08:00+00:00,CAPELLA-5-WHITNEY,2022-10-04 04:50:00+00:00,CAPELLA-5-WHITNEY,0,-11,-131
179,179,finished,2022-10-03 19:17:00+00:00,2022-10-04 07:17:00+00:00,2022-10-03 19:28:00+00:00,CAPELLA-5-WHITNEY,2022-10-04 04:50:00+00:00,CAPELLA-5-WHITNEY,0,78,-28
180,180,reported,2022-10-03 18:01:00+00:00,2022-10-04 06:01:00+00:00,2022-10-04 00:38:00+00:00,CAPELLA-7-WHITNEY,2022-10-04 07:12:00+00:00,CAPELLA-7-WHITNEY,0,61,-47
181,181,finished,2022-10-03 15:12:00+00:00,2022-10-04 03:12:00+00:00,2022-10-03 17:44:00+00:00,CAPELLA-2-SEQUOIA,1900-01-01 00:00:00+00:00,Unreported,,44,-6
182,182,reported,2022-10-03 14:39:00+00:00,2022-10-04 02:39:00+00:00,2022-10-03 15:16:00+00:00,CAPELLA-8-WHITNEY,2022-10-04 06:02:00+00:00,CAPELLA-8-WHITNEY,0,-3,103
183,183,finished,2022-10-03 16:35:00+00:00,2022-10-04 04:35:00+00:00,1900-01-01 00:00:00+00:00,Undetected,1900-01-01 00:00:00+00:00,Unreported,,88,-1
184,184,reported,2022-10-03 15:13:00+00:00,2022-10-04 03:13:00+00:00,2022-10-03 17:46:00+00:00,CAPELLA-5-WHITNEY,2022-10-04 04:50:00+00:00,CAPELLA-5-WHITNEY,0,64,110
185,185,reported,2022-10-03 12:27:00+00:00,2022-10-04 00:27:00+00:00,2022-10-03 16:52:00+00:00,CAPELLA-7-WHITNEY,2022-10-04 07:12:00+00:00,CAPELLA-7-WHITNEY,0,80,-73
186,186,reported,2022-10-03 18:08:00+00:00,2022-10-04 06:08:00+00:00,2022-10-03 22:58:00+00:00,CAPELLA-4-WHITNEY,2022-10-04 07:14:00+00:00,CAPELLA-4-WHITNEY,0,17,-23
187,187,reported,2022-10-03 09:42:00+00:00,2022-10-03 21:42:00+00:00,2022-10-03 10:32:00+00:00,CAPELLA-7-WHITNEY,2022-10-04 07:12:00+00:00,CAPELLA-7-WHITNEY,0,72,18
188,188,reported,2022-10-03 16:24:00+00:00,2022-10-04 04:24:00+00:00,2022-10-03 23:40:00+00:00,CAPELLA-4-WHITNEY,2022-10-04 07:14:00+00:00,CAPELLA-4-WHITNEY,0,3,148
189,189,finished,2022-10-03 10:18:00+00:00,2022-10-03 22:18:00+00:00,2022-10-03 21:26:00+00:00,CAPELLA-2-SEQUOIA,1900-01-01 00:00:00+00:00,Unreported,,-15,70
190,190,reported,2022-10-03 08:57:00+00:00,2022-10-03 20:57:00+00:00,2022-10-03 10:46:00+00:00,CAPELLA-5-WHITNEY,2022-10-04 04:50:00+00:00,CAPELLA-5-WHITNEY,0,-78,4
191,191,reported,2022-10-03 12:49:00+00:00,2022-10-04 00:49:00+00:00,2022-10-03 13:20:00+00:00,CAPELLA-5-WHITNEY,2022-10-04 04:50:00+00:00,CAPELLA-5-WHITNEY,0,49,22
192,192,finished,2022-10-03 09:12:00+00:00,2022-10-03 21:12:00+00:00,2022-10-03 11:16:00+00:00,CAPELLA-2-SEQUOIA,1900-01-01 00:00:00+00:00,Unreported,,20,49
193,193,reported,2022-10-03 08:02:00+00:00,2022-10-03 20:02:00+00:00,2022-10-03 09:00:00+00:00,CAPELLA-3-WHITNEY,2022-10-04 07:10:00+00:00,CAPELLA-3-WHITNEY,0,62,172
194,194,reported,2022-10-03 16:38:00+00:00,2022-10-04 04:38:00+00:00,2022-10-03 18:50:00+00:00,CAPELLA-5-WHITNEY,2022-10-04 04:50:00+00:00,CAPELLA-5-WHITNEY,0,-49,121
195,195,reported,2022-10-03 12:40:00+00:00,2022-10-04 00:40:00+00:00,2022-10-03 12:58:00+00:00,CAPELLA-1-DENALI,2022-10-04 06:28:00+00:00,CAPELLA-1-DENALI,0,64,127
196,196,reported,2022-10-03 08:59:00+00:00,2022-10-03 20:59:00+00:00,2022-10-03 13:30:00+00:00,CAPELLA-7-WHITNEY,2022-10-04 07:12:00+00:00,CAPELLA-7-WHITNEY,0,56,115
197,197,reported,2022-10-03 15:02:00+00:00,2022-10-04 03:02:00+00:00,2022-10-03 17:54:00+00:00,CAPELLA-7-WHITNEY,2022-10-04 07:12:00+00:00,CAPELLA-7-WHITNEY,0,-22,62
198,198,reported,2022-10-03 17:06:00+00:00,2022-10-04 05:06:00+00:00,2022-10-03 17:46:00+00:00,CAPELLA-7-WHITNEY,2022-10-04 07:12:00+00:00,CAPELLA-7-WHITNEY,0,-53,76
199,199,detected,2022-10-03 12:38:00+00:00,2022-10-04 00:38:00+00:00,2022-10-04 05:04:00+00:00,CAPELLA-6-WHITNEY,1900-01-01 00:00:00+00:00,Unreported,,4,116
200,200,reported,2022-10-03 17:41:00+00:00,2022-10-04 05:41:00+00:00,2022-10-03 21:22:00+00:00,CAPELLA-3-WHITNEY,2022-10-04 07:10:00+00:00,CAPELLA-3-WHITNEY,0,20,2
201,201,reported,2022-10-03 07:56:00+00:00,2022-10-03 19:56:00+00:00,2022-10-03 16:16:00+00:00,CAPELLA-3-WHITNEY,2022-10-04 07:10:00+00:00,CAPELLA-3-WHITNEY,0,-70,94
202,202,finished,2022-10-03 18:09:00+00:00,2022-10-04 06:09:00+00:00,2022-10-03 20:08:00+00:00,CAPELLA-2-SEQUOIA,1900-01-01 00:00:00+00:00,Unreported,,-44,152
203,203,reported,2022-10-03 09:04:00+00:00,2022-10-03 21:04:00+00:00,2022-10-03 13:16:00+00:00,CAPELLA-3-WHITNEY,2022-10-04 07:10:00+00:00,CAPELLA-3-WHITNEY,0,-35,132
204,204,reported,2022-10-03 18:51:00+00:00,2022-10-04 06:51:00+00:00,2022-10-03 19:14:00+00:00,CAPELLA-7-WHITNEY,2022-10-04 07:12:00+00:00,CAPELLA-7-WHITNEY,0,-81,85
205,205,finished,2022-10-03 07:46:00+00:00,2022-10-03 19:46:00+00:00,2022-10-03 10:42:00+00:00,CAPELLA-2-SEQUOIA,1900-01-01 00:00:00+00:00,Unreported,,-46,-65
206,206,finished,2022-10-03 12:37:00+00:00,2022-10-04 00:37:00+00:00,2022-10-03 13:20:00+00:00,CAPELLA-6-WHITNEY,1900-01-01 00:00:00+00:00,Unreported,,-44,43
207,207,reported,2022-10-03 08:38:00+00:00,2022-10-03 20:38:00+00:00,2022-10-03 09:12:00+00:00,CAPELLA-3-WHITNEY,2022-10-04 07:10:00+00:00,CAPELLA-3-WHITNEY,0,72,31
208,208,reported,2022-10-03 15:50:00+00:00,2022-10-04 03:50:00+00:00,2022-10-03 22:52:00+00:00,CAPELLA-5-WHITNEY,2022-10-04 04:50:00+00:00,CAPELLA-5-WHITNEY,0,22,-122
209,209,reported,2022-10-03 16:41:00+00:00,2022-10-04 04:41:00+00:00,2022-10-03 16:58:00+00:00,CAPELLA-1-DENALI,2022-10-04 06:28:00+00:00,CAPELLA-1-DENALI,0,-77,-124
210,210,finished,2022-10-03 08:22:00+00:00,2022-10-03 20:22:00+00:00,2022-10-03 10:04:00+00:00,CAPELLA-6-WHITNEY,1900-01-01 00:00:00+00:00,Unreported,,-33,82
211,211,finished,2022-10-03 18:15:00+00:00,2022-10-04 06:15:00+00:00,2022-10-04 03:02:00+00:00,CAPELLA-5-WHITNEY,2022-10-04 04:50:00+00:00,CAPELLA-5-WHITNEY,0,31,-13
212,212,reported,2022-10-03 09:44:00+00:00,2022-10-03 21:44:00+00:00,2022-10-03 17:42:00+00:00,CAPELLA-5-WHITNEY,2022-10-04 04:50:00+00:00,CAPELLA-5-WHITNEY,0,52,126
213,213,finished,2022-10-03 16:56:00+00:00,2022-10-04 04:56:00+00:00,2022-10-03 17:40:00+00:00,CAPELLA-5-WHITNEY,2022-10-04 04:50:00+00:00,CAPELLA-5-WHITNEY,0,42,123
214,214,finished,2022-10-03 13:42:00+00:00,2022-10-04 01:42:00+00:00,2022-10-03 17:22:00+00:00,CAPELLA-6-WHITNEY,1900-01-01 00:00:00+00:00,Unreported,,43,171
215,215,reported,2022-10-03 16:42:00+00:00,2022-10-04 04:42:00+00:00,2022-10-03 17:18:00+00:00,CAPELLA-7-WHITNEY,2022-10-04 07:12:00+00:00,CAPELLA-7-WHITNEY,0,-19,-109
216,216,finished,2022-10-03 18:16:00+00:00,2022-10-04 06:16:00+00:00,2022-10-03 23:48:00+00:00,CAPELLA-6-WHITNEY,1900-01-01 00:00:00+00:00,Unreported,,47,81
217,217,reported,2022-10-03 14:06:00+00:00,2022-10-04 02:06:00+00:00,2022-10-03 19:42:00+00:00,CAPELLA-3-WHITNEY,2022-10-04 07:10:00+00:00,CAPELLA-3-WHITNEY,0,-4,30
218,218,reported,2022-10-03 13:05:00+00:00,2022-10-04 01:05:00+00:00,2022-10-03 16:22:00+00:00,CAPELLA-5-WHITNEY,2022-10-04 04:50:00+00:00,CAPELLA-5-WHITNEY,0,69,-3
219,219,reported,2022-10-03 16:05:00+00:00,2022-10-04 04:05:00+00:00,2022-10-03 20:54:00+00:00,CAPELLA-3-WHITNEY,2022-10-04 07:10:00+00:00,CAPELLA-3-WHITNEY,0,-83,48
220,220,reported,2022-10-03 09:37:00+00:00,2022-10-03 21:37:00+00:00,2022-10-03 14:22:00+00:00,CAPELLA-3-WHITNEY,2022-10-04 07:10:00+00:00,CAPELLA-3-WHITNEY,0,-35,-74
221,221,reported,2022-10-03 13:28:00+00:00,2022-10-04 01:28:00+00:00,2022-10-03 22:54:00+00:00,CAPELLA-8-WHITNEY,2022-10-04 06:02:00+00:00,CAPELLA-8-WHITNEY,0,-76,0
222,222,finished,2022-10-03 11:39:00+00:00,2022-10-03 23:39:00+00:00,2022-10-03 12:48:00+00:00,CAPELLA-2-SEQUOIA,1900-01-01 00:00:00+00:00,Unreported,,10,20
223,223,reported,2022-10-03 10:01:00+00:00,2022-10-03 22:01:00+00:00,2022-10-03 13:14:00+00:00,CAPELLA-5-WHITNEY,2022-10-04 04:50:00+00:00,CAPELLA-5-WHITNEY,0,67,43
224,224,reported,2022-10-03 16:11:00+00:00,2022-10-04 04:11:00+00:00,2022-10-03 22:06:00+00:00,CAPELLA-7-WHITNEY,2022-10-04 07:12:00+00:00,CAPELLA-7-WHITNEY,0,-27,170
225,225,reported,2022-10-03 10:00:00+00:00,2022-10-03 22:00:00+00:00,2022-10-03 11:14:00+00:00,CAPELLA-3-WHITNEY,2022-10-04 07:10:00+00:00,CAPELLA-3-WHITNEY,0,-34,-31
226,226,reported,2022-10-03 13:36:00+00:00,2022-10-04 01:36:00+00:00,2022-10-03 17:06:00+00:00,CAPELLA-3-WHITNEY,2022-10-04 07:10:00+00:00,CAPELLA-3-WHITNEY,0,60,-102
227,227,finished,2022-10-03 09:57:00+00:00,2022-10-03 21:57:00+00:00,1900-01-01 00:00:00+00:00,Undetected,1900-01-01 00:00:00+00:00,Unreported,,-88,-109
228,228,reported,2022-10-03 12:31:00+00:00,2022-10-04 00:31:00+00:00,2022-10-03 15:44:00+00:00,CAPELLA-3-WHITNEY,2022-10-04 07:10:00+00:00,CAPELLA-3-WHITNEY,0,11,-88
229,229,reported,2022-10-03 12:01:00+00:00,2022-10-04 00:01:00+00:00,2022-10-03 13:14:00+00:00,CAPELLA-5-WHITNEY,2022-10-04 04:50:00+00:00,CAPELLA-5-WHITNEY,0,72,35
230,230,reported,2022-10-03 12:16:00+00:00,2022-10-04 00:16:00+00:00,2022-10-03 18:08:00+00:00,CAPELLA-7-WHITNEY,2022-10-04 07:12:00+00:00,CAPELLA-7-WHITNEY,0,27,53
231,231,finished,2022-10-03 19:04:00+00:00,2022-10-04 07:04:00+00:00,1900-01-01 00:00:00+00:00,Undetected,1900-01-01 00:00:00+00:00,Unreported,,-88,-15
232,232,reported,2022-10-03 10:29:00+00:00,2022-10-03 22:29:00+00:00,2022-10-03 10:42:00+00:00,CAPELLA-4-WHITNEY,2022-10-04 07:14:00+00:00,CAPELLA-4-WHITNEY,0,86,101
233,233,reported,2022-10-03 11:19:00+00:00,2022-10-03 23:19:00+00:00,2022-10-03 23:58:00+00:00,CAPELLA-7-WHITNEY,2022-10-04 07:12:00+00:00,CAPELLA-7-WHITNEY,0,-86,40
234,234,reported,2022-10-03 10:49:00+00:00,2022-10-03 22:49:00+00:00,2022-10-03 13:18:00+00:00,CAPELLA-5-WHITNEY,2022-10-04 04:50:00+00:00,CAPELLA-5-WHITNEY,0,57,26
235,235,finished,2022-10-03 08:55:00+00:00,2022-10-03 20:55:00+00:00,2022-10-03 18:32:00+00:00,CAPELLA-2-SEQUOIA,1900-01-01 00:00:00+00:00,Unreported,,-40,170
236,236,reported,2022-10-03 11:15:00+00:00,2022-10-03 23:15:00+00:00,2022-10-03 20:52:00+00:00,CAPELLA-7-WHITNEY,2022-10-04 07:12:00+00:00,CAPELLA-7-WHITNEY,0,-72,28
237,237,finished,2022-10-03 10:33:00+00:00,2022-10-03 22:33:00+00:00,1900-01-01 00:00:00+00:00,Undetected,1900-01-01 00:00:00+00:00,Unreported,,88,-57
238,238,reported,2022-10-03 07:54:00+00:00,2022-10-03 19:54:00+00:00,2022-10-03 22:10:00+00:00,CAPELLA-3-WHITNEY,2022-10-04 07:10:00+00:00,CAPELLA-3-WHITNEY,0,-25,170
239,239,finished,2022-10-03 10:45:00+00:00,2022-10-03 22:45:00+00:00,1900-01-01 00:00:00+00:00,Undetected,1900-01-01 00:00:00+00:00,Unreported,,-87,50
240,240,finished,2022-10-03 08:29:00+00:00,2022-10-03 20:29:00+00:00,2022-10-03 11:12:00+00:00,CAPELLA-6-WHITNEY,1900-01-01 00:00:00+00:00,Unreported,,43,-21
241,241,reported,2022-10-03 15:43:00+00:00,2022-10-04 03:43:00+00:00,2022-10-03 17:40:00+00:00,CAPELLA-5-WHITNEY,2022-10-04 04:50:00+00:00,CAPELLA-5-WHITNEY,0,45,120
242,242,reported,2022-10-03 08:57:00+00:00,2022-10-03 20:57:00+00:00,2022-10-03 12:06:00+00:00,CAPELLA-4-WHITNEY,2022-10-04 07:14:00+00:00,CAPELLA-4-WHITNEY,0,50,134
243,243,reported,2022-10-03 10:36:00+00:00,2022-10-03 22:36:00+00:00,2022-10-03 14:54:00+00:00,CAPELLA-8-WHITNEY,2022-10-04 06:02:00+00:00,CAPELLA-8-WHITNEY,0,-86,170
244,244,reported,2022-10-03 07:21:00+00:00,2022-10-03 19:21:00+00:00,2022-10-03 10:26:00+00:00,CAPELLA-4-WHITNEY,2022-10-04 07:14:00+00:00,CAPELLA-4-WHITNEY,0,28,162
245,245,finished,2022-10-03 17:36:00+00:00,2022-10-04 05:36:00+00:00,2022-10-03 20:34:00+00:00,CAPELLA-6-WHITNEY,1900-01-01 00:00:00+00:00,Unreported,,49,119
246,246,reported,2022-10-03 15:59:00+00:00,2022-10-04 03:59:00+00:00,2022-10-03 17:04:00+00:00,CAPELLA-5-WHITNEY,2022-10-04 04:50:00+00:00,CAPELLA-5-WHITNEY,0,-82,-129
247,247,finished,2022-10-03 17:40:00+00:00,2022-10-04 05:40:00+00:00,2022-10-03 22:16:00+00:00,CAPELLA-6-WHITNEY,1900-01-01 00:00:00+00:00,Unreported,,56,129
248,248,reported,2022-10-03 15:35:00+00:00,2022-10-04 03:35:00+00:00,2022-10-03 16:02:00+00:00,CAPELLA-7-WHITNEY,2022-10-04 07:12:00+00:00,CAPELLA-7-WHITNEY,0,-81,139
249,249,reported,2022-10-03 08:50:00+00:00,2022-10-03 20:50:00+00:00,2022-10-03 15:14:00+00:00,CAPELLA-7-WHITNEY,2022-10-04 07:12:00+00:00,CAPELLA-7-WHITNEY,0,86,-14
250,250,reported,2022-10-03 09:17:00+00:00,2022-10-03 21:17:00+00:00,2022-10-03 18:44:00+00:00,CAPELLA-3-WHITNEY,2022-10-04 07:10:00+00:00,CAPELLA-3-WHITNEY,0,41,-133
251,251,finished,2022-10-03 17:49:00+00:00,2022-10-04 05:49:00+00:00,2022-10-03 18:14:00+00:00,CAPELLA-5-WHITNEY,2022-10-04 04:50:00+00:00,CAPELLA-5-WHITNEY,0,3,-59
252,252,finished,2022-10-03 18:53:00+00:00,2022-10-04 06:53:00+00:00,2022-10-04 04:30:00+00:00,CAPELLA-2-SEQUOIA,1900-01-01 00:00:00+00:00,Unreported,,14,146
253,253,reported,2022-10-03 07:43:00+00:00,2022-10-03 19:43:00+00:00,2022-10-03 07:46:00+00:00,CAPELLA-8-WHITNEY,2022-10-04 06:02:00+00:00,CAPELLA-8-WHITNEY,0,82,76
254,254,reported,2022-10-03 09:33:00+00:00,2022-10-03 21:33:00+00:00,2022-10-03 17:14:00+00:00,CAPELLA-7-WHITNEY,2022-10-04 07:12:00+00:00,CAPELLA-7-WHITNEY,0,-8,-112
255,255,reported,2022-10-03 14:49:00+00:00,2022-10-04 02:49:00+00:00,2022-10-03 15:10:00+00:00,CAPELLA-7-WHITNEY,2022-10-04 07:12:00+00:00,CAPELLA-7-WHITNEY,0,76,87
256,256,finished,2022-10-03 09:21:00+00:00,2022-10-03 21:21:00+00:00,2022-10-03 16:14:00+00:00,CAPELLA-6-WHITNEY,1900-01-01 00:00:00+00:00,Unreported,,13,-49
257,257,reported,2022-10-03 17:14:00+00:00,2022-10-04 05:14:00+00:00,2022-10-03 23:02:00+00:00,CAPELLA-7-WHITNEY,2022-10-04 07:12:00+00:00,CAPELLA-7-WHITNEY,0,56,-29
258,258,finished,2022-10-03 18:09:00+00:00,2022-10-04 06:09:00+00:00,2022-10-03 19:24:00+00:00,CAPELLA-5-WHITNEY,2022-10-04 04:50:00+00:00,CAPELLA-5-WHITNEY,0,78,60
259,259,reported,2022-10-03 17:49:00+00:00,2022-10-04 05:49:00+00:00,2022-10-03 17:52:00+00:00,CAPELLA-4-WHITNEY,2022-10-04 07:14:00+00:00,CAPELLA-4-WHITNEY,0,-66,79
260,260,reported,2022-10-03 13:08:00+00:00,2022-10-04 01:08:00+00:00,2022-10-03 13:56:00+00:00,CAPELLA-3-WHITNEY,2022-10-04 07:10:00+00:00,CAPELLA-3-WHITNEY,0,66,-55
261,261,reported,2022-10-03 11:04:00+00:00,2022-10-03 23:04:00+00:00,2022-10-03 11:30:00+00:00,CAPELLA-3-WHITNEY,2022-10-04 07:10:00+00:00,CAPELLA-3-WHITNEY,0,-83,-176
262,262,reported,2022-10-03 10:34:00+00:00,2022-10-03 22:34:00+00:00,2022-10-03 13:18:00+00:00,CAPELLA-7-WHITNEY,2022-10-04 07:12:00+00:00,CAPELLA-7-WHITNEY,0,14,126
263,263,reported,2022-10-03 09:00:00+00:00,2022-10-03 21:00:00+00:00,2022-10-03 19:42:00+00:00,CAPELLA-8-WHITNEY,2022-10-04 06:02:00+00:00,CAPELLA-8-WHITNEY,0,-81,56
264,264,finished,2022-10-03 17:37:00+00:00,2022-10-04 05:37:00+00:00,2022-10-03 20:32:00+00:00,CAPELLA-6-WHITNEY,1900-01-01 00:00:00+00:00,Unreported,,40,113
265,265,finished,2022-10-03 13:13:00+00:00,2022-10-04 01:13:00+00:00,2022-10-03 13:36:00+00:00,CAPELLA-6-WHITNEY,1900-01-01 00:00:00+00:00,Unreported,,-47,123
266,266,reported,2022-10-03 15:17:00+00:00,2022-10-04 03:17:00+00:00,2022-10-03 20:24:00+00:00,CAPELLA-3-WHITNEY,2022-10-04 07:10:00+00:00,CAPELLA-3-WHITNEY,0,20,-158
267,267,reported,2022-10-03 14:30:00+00:00,2022-10-04 02:30:00+00:00,2022-10-03 15:50:00+00:00,CAPELLA-5-WHITNEY,2022-10-04 04:50:00+00:00,CAPELLA-5-WHITNEY,0,-14,158
268,268,reported,2022-10-03 07:25:00+00:00,2022-10-03 19:25:00+00:00,2022-10-03 09:02:00+00:00,CAPELLA-3-WHITNEY,2022-10-04 07:10:00+00:00,CAPELLA-3-WHITNEY,0,67,169
269,269,reported,2022-10-03 08:24:00+00:00,2022-10-03 20:24:00+00:00,2022-10-03 10:00:00+00:00,CAPELLA-4-WHITNEY,2022-10-04 07:14:00+00:00,CAPELLA-4-WHITNEY,0,-71,-169
270,270,reported,2022-10-03 07:29:00+00:00,2022-10-03 19:29:00+00:00,2022-10-03 13:56:00+00:00,CAPELLA-7-WHITNEY,2022-10-04 07:12:00+00:00,CAPELLA-7-WHITNEY,0,21,-60
271,271,reported,2022-10-03 18:54:00+00:00,2022-10-04 06:54:00+00:00,2022-10-03 19:06:00+00:00,CAPELLA-7-WHITNEY,2022-10-04 07:12:00+00:00,CAPELLA-7-WHITNEY,0,-65,-161
272,272,reported,2022-10-03 07:50:00+00:00,2022-10-03 19:50:00+00:00,2022-10-03 15:28:00+00:00,CAPELLA-7-WHITNEY,2022-10-04 07:12:00+00:00,CAPELLA-7-WHITNEY,0,36,-72
273,273,reported,2022-10-03 11:30:00+00:00,2022-10-03 23:30:00+00:00,2022-10-03 17:42:00+00:00,CAPELLA-8-WHITNEY,2022-10-04 06:02:00+00:00,CAPELLA-8-WHITNEY,0,-7,-115
274,274,reported,2022-10-03 09:06:00+00:00,2022-10-03 21:06:00+00:00,2022-10-03 11:06:00+00:00,CAPELLA-3-WHITNEY,2022-10-04 07:10:00+00:00,CAPELLA-3-WHITNEY,0,-2,-24
275,275,reported,2022-10-03 13:56:00+00:00,2022-10-04 01:56:00+00:00,2022-10-03 17:52:00+00:00,CAPELLA-7-WHITNEY,2022-10-04 07:12:00+00:00,CAPELLA-7-WHITNEY,0,-32,65
276,276,finished,2022-10-03 15:29:00+00:00,2022-10-04 03:29:00+00:00,2022-10-03 16:58:00+00:00,CAPELLA-2-SEQUOIA,1900-01-01 00:00:00+00:00,Unreported,,-40,-164
277,277,finished,2022-10-03 12:19:00+00:00,2022-10-04 00:19:00+00:00,2022-10-03 19:04:00+00:00,CAPELLA-2-SEQUOIA,1900-01-01 00:00:00+00:00,Unreported,,9,-71
278,278,reported,2022-10-03 11:21:00+00:00,2022-10-03 23:21:00+00:00,2022-10-03 15:08:00+00:00,CAPELLA-7-WHITNEY,2022-10-04 07:12:00+00:00,CAPELLA-7-WHITNEY,0,71,82
279,279,reported,2022-10-03 11:17:00+00:00,2022-10-03 23:17:00+00:00,2022-10-03 12:04:00+00:00,CAPELLA-5-WHITNEY,2022-10-04 04:50:00+00:00,CAPELLA-5-WHITNEY,0,-19,35
280,280,reported,2022-10-03 08:19:00+00:00,2022-10-03 20:19:00+00:00,2022-10-03 12:00:00+00:00,CAPELLA-3-WHITNEY,2022-10-04 07:10:00+00:00,CAPELLA-3-WHITNEY,0,32,138
281,281,reported,2022-10-03 17:55:00+00:00,2022-10-04 05:55:00+00:00,2022-10-04 01:50:00+00:00,CAPELLA-7-WHITNEY,2022-10-04 07:12:00+00:00,CAPELLA-7-WHITNEY,0,-25,-56
282,282,finished,2022-10-03 16:37:00+00:00,2022-10-04 04:37:00+00:00,2022-10-03 22:30:00+00:00,CAPELLA-6-WHITNEY,1900-01-01 00:00:00+00:00,Unreported,,34,-164
283,283,finished,2022-10-03 10:21:00+00:00,2022-10-03 22:21:00+00:00,2022-10-03 12:48:00+00:00,CAPELLA-6-WHITNEY,1900-01-01 00:00:00+00:00,Unreported,,46,-41
284,284,reported,2022-10-03 08:15:00+00:00,2022-10-03 20:15:00+00:00,2022-10-03 11:10:00+00:00,CAPELLA-5-WHITNEY,2022-10-04 04:50:00+00:00,CAPELLA-5-WHITNEY,0,-5,-134
285,285,finished,2022-10-03 19:02:00+00:00,2022-10-04 07:02:00+00:00,2022-10-03 22:48:00+00:00,CAPELLA-2-SEQUOIA,1900-01-01 00:00:00+00:00,Unreported,,19,16
286,286,finished,2022-10-03 10:44:00+00:00,2022-10-03 22:44:00+00:00,2022-10-03 13:18:00+00:00,CAPELLA-6-WHITNEY,1900-01-01 00:00:00+00:00,Unreported,,-41,34
287,287,reported,2022-10-03 17:11:00+00:00,2022-10-04 05:11:00+00:00,2022-10-04 02:26:00+00:00,CAPELLA-7-WHITNEY,2022-10-04 07:12:00+00:00,CAPELLA-7-WHITNEY,0,69,138
288,288,reported,2022-10-03 11:37:00+00:00,2022-10-03 23:37:00+00:00,2022-10-03 20:00:00+00:00,CAPELLA-7-WHITNEY,2022-10-04 07:12:00+00:00,CAPELLA-7-WHITNEY,0,84,-96
289,289,reported,2022-10-03 15:02:00+00:00,2022-10-04 03:02:00+00:00,2022-10-03 15:30:00+00:00,CAPELLA-1-DENALI,2022-10-04 06:28:00+00:00,CAPELLA-1-DENALI,0,-73,138
290,290,finished,2022-10-03 09:55:00+00:00,2022-10-03 21:55:00+00:00,1900-01-01 00:00:00+00:00,Undetected,1900-01-01 00:00:00+00:00,Unreported,,89,33
291,291,reported,2022-10-03 07:56:00+00:00,2022-10-03 19:56:00+00:00,2022-10-03 08:44:00+00:00,CAPELLA-4-WHITNEY,2022-10-04 07:14:00+00:00,CAPELLA-4-WHITNEY,0,-2,-168
292,292,reported,2022-10-03 15:51:00+00:00,2022-10-04 03:51:00+00:00,2022-10-03 17:30:00+00:00,CAPELLA-3-WHITNEY,2022-10-04 07:10:00+00:00,CAPELLA-3-WHITNEY,0,-34,-124
293,293,reported,2022-10-03 13:05:00+00:00,2022-10-04 01:05:00+00:00,2022-10-03 18:44:00+00:00,CAPELLA-7-WHITNEY,2022-10-04 07:12:00+00:00,CAPELLA-7-WHITNEY,0,15,-128
294,294,reported,2022-10-03 12:15:00+00:00,2022-10-04 00:15:00+00:00,2022-10-03 13:06:00+00:00,CAPELLA-5-WHITNEY,2022-10-04 04:50:00+00:00,CAPELLA-5-WHITNEY,0,74,172
295,295,reported,2022-10-03 18:17:00+00:00,2022-10-04 06:17:00+00:00,2022-10-03 19:56:00+00:00,CAPELLA-7-WHITNEY,2022-10-04 07:12:00+00:00,CAPELLA-7-WHITNEY,0,76,-9
296,296,finished,2022-10-03 13:56:00+00:00,2022-10-04 01:56:00+00:00,2022-10-03 14:36:00+00:00,CAPELLA-2-SEQUOIA,1900-01-01 00:00:00+00:00,Unreported,,44,45
297,297,reported,2022-10-03 11:41:00+00:00,2022-10-03 23:41:00+00:00,2022-10-03 13:10:00+00:00,CAPELLA-3-WHITNEY,2022-10-04 07:10:00+00:00,CAPELLA-3-WHITNEY,0,-57,138
298,298,reported,2022-10-03 10:23:00+00:00,2022-10-03 22:23:00+00:00,2022-10-03 12:44:00+00:00,CAPELLA-7-WHITNEY,2022-10-04 07:12:00+00:00,CAPELLA-7-WHITNEY,0,-61,-63
299,299,reported,2022-10-03 08:06:00+00:00,2022-10-03 20:06:00+00:00,2022-10-03 09:00:00+00:00,CAPELLA-1-DENALI,2022-10-04 06:28:00+00:00,CAPELLA-1-DENALI,0,-58,23
300,300,reported,2022-10-03 08:58:00+00:00,2022-10-03 20:58:00+00:00,2022-10-03 10:04:00+00:00,CAPELLA-7-WHITNEY,2022-10-04 07:12:00+00:00,CAPELLA-7-WHITNEY,0,2,-179
301,301,finished,2022-10-03 08:40:00+00:00,2022-10-03 20:40:00+00:00,2022-10-03 13:02:00+00:00,CAPELLA-6-WHITNEY,1900-01-01 00:00:00+00:00,Unreported,,6,-1
302,302,finished,2022-10-03 19:13:00+00:00,2022-10-04 07:13:00+00:00,2022-10-04 02:22:00+00:00,CAPELLA-7-WHITNEY,2022-10-04 07:12:00+00:00,CAPELLA-7-WHITNEY,0,81,145
303,303,reported,2022-10-03 07:29:00+00:00,2022-10-03 19:29:00+00:00,2022-10-03 09:04:00+00:00,CAPELLA-5-WHITNEY,2022-10-04 04:50:00+00:00,CAPELLA-5-WHITNEY,0,-52,75
304,304,reported,2022-10-03 18:11:00+00:00,2022-10-04 06:11:00+00:00,2022-10-04 02:00:00+00:00,CAPELLA-7-WHITNEY,2022-10-04 07:12:00+00:00,CAPELLA-7-WHITNEY,0,13,-63
305,305,reported,2022-10-03 08:42:00+00:00,2022-10-03 20:42:00+00:00,2022-10-03 14:52:00+00:00,CAPELLA-5-WHITNEY,2022-10-04 04:50:00+00:00,CAPELLA-5-WHITNEY,0,53,6
306,306,finished,2022-10-03 11:13:00+00:00,2022-10-03 23:13:00+00:00,2022-10-03 15:02:00+00:00,CAPELLA-6-WHITNEY,1900-01-01 00:00:00+00:00,Unreported,,-52,44
307,307,reported,2022-10-03 09:12:00+00:00,2022-10-03 21:12:00+00:00,2022-10-03 12:14:00+00:00,CAPELLA-5-WHITNEY,2022-10-04 04:50:00+00:00,CAPELLA-5-WHITNEY,0,-61,20
308,308,finished,2022-10-03 18:33:00+00:00,2022-10-04 06:33:00+00:00,2022-10-03 21:54:00+00:00,CAPELLA-5-WHITNEY,2022-10-04 04:50:00+00:00,CAPELLA-5-WHITNEY,0,-65,90
309,309,reported,2022-10-03 13:34:00+00:00,2022-10-04 01:34:00+00:00,2022-10-03 13:56:00+00:00,CAPELLA-5-WHITNEY,2022-10-04 04:50:00+00:00,CAPELLA-5-WHITNEY,0,-81,-65
310,310,reported,2022-10-03 16:34:00+00:00,2022-10-04 04:34:00+00:00,2022-10-03 20:40:00+00:00,CAPELLA-7-WHITNEY,2022-10-04 07:12:00+00:00,CAPELLA-7-WHITNEY,0,-64,-173
311,311,finished,2022-10-03 13:58:00+00:00,2022-10-04 01:58:00+00:00,1900-01-01 00:00:00+00:00,Undetected,1900-01-01 00:00:00+00:00,Unreported,,-2,140
312,312,reported,2022-10-03 15:17:00+00:00,2022-10-04 03:17:00+00:00,2022-10-03 18:56:00+00:00,CAPELLA-3-WHITNEY,2022-10-04 07:10:00+00:00,CAPELLA-3-WHITNEY,0,-1,-141
313,313,reported,2022-10-03 08:01:00+00:00,2022-10-03 20:01:00+00:00,2022-10-03 09:22:00+00:00,CAPELLA-5-WHITNEY,2022-10-04 04:50:00+00:00,CAPELLA-5-WHITNEY,0,-54,-90
314,314,reported,2022-10-03 15:16:00+00:00,2022-10-04 03:16:00+00:00,2022-10-03 19:00:00+00:00,CAPELLA-3-WHITNEY,2022-10-04 07:10:00+00:00,CAPELLA-3-WHITNEY,0,-21,-144
315,315,reported,2022-10-03 13:52:00+00:00,2022-10-04 01:52:00+00:00,2022-10-03 16:54:00+00:00,CAPELLA-7-WHITNEY,2022-10-04 07:12:00+00:00,CAPELLA-7-WHITNEY,0,67,-89
316,316,finished,2022-10-03 19:09:00+00:00,2022-10-04 07:09:00+00:00,2022-10-03 21:52:00+00:00,CAPELLA-6-WHITNEY,1900-01-01 00:00:00+00:00,Unreported,,-5,49
317,317,reported,2022-10-03 17:30:00+00:00,2022-10-04 05:30:00+00:00,2022-10-03 18:22:00+00:00,CAPELLA-3-WHITNEY,2022-10-04 07:10:00+00:00,CAPELLA-3-WHITNEY,0,50,37
318,318,detected,2022-10-03 07:50:00+00:00,2022-10-03 19:50:00+00:00,2022-10-04 00:16:00+00:00,CAPELLA-6-WHITNEY,1900-01-01 00:00:00+00:00,Unreported,,5,-174
319,319,reported,2022-10-03 11:45:00+00:00,2022-10-03 23:45:00+00:00,2022-10-03 13:08:00+00:00,CAPELLA-5-WHITNEY,2022-10-04 04:50:00+00:00,CAPELLA-5-WHITNEY,0,82,119
320,320,reported,2022-10-03 15:44:00+00:00,2022-10-04 03:44:00+00:00,2022-10-03 17:14:00+00:00,CAPELLA-5-WHITNEY,2022-10-04 04:50:00+00:00,CAPELLA-5-WHITNEY,0,-53,150
321,321,reported,2022-10-03 07:39:00+00:00,2022-10-03 19:39:00+00:00,2022-10-03 15:54:00+00:00,CAPELLA-4-WHITNEY,2022-10-04 07:14:00+00:00,CAPELLA-4-WHITNEY,0,-22,-99
322,322,finished,2022-10-03 17:30:00+00:00,2022-10-04 05:30:00+00:00,2022-10-03 18:16:00+00:00,CAPELLA-6-WHITNEY,1900-01-01 00:00:00+00:00,Unreported,,-53,6
323,323,finished,2022-10-03 16:23:00+00:00,2022-10-04 04:23:00+00:00,2022-10-03 16:26:00+00:00,CAPELLA-6-WHITNEY,1900-01-01 00:00:00+00:00,Unreported,,-25,-27
324,324,reported,2022-10-03 16:42:00+00:00,2022-10-04 04:42:00+00:00,2022-10-03 23:36:00+00:00,CAPELLA-3-WHITNEY,2022-10-04 07:10:00+00:00,CAPELLA-3-WHITNEY,0,4,151
325,325,finished,2022-10-03 12:55:00+00:00,2022-10-04 00:55:00+00:00,2022-10-03 17:14:00+00:00,CAPELLA-6-WHITNEY,1900-01-01 00:00:00+00:00,Unreported,,24,143
326,326,reported,2022-10-03 08:52:00+00:00,2022-10-03 20:52:00+00:00,2022-10-03 13:24:00+00:00,CAPELLA-3-WHITNEY,2022-10-04 07:10:00+00:00,CAPELLA-3-WHITNEY,0,-10,125
327,327,reported,2022-10-03 10:45:00+00:00,2022-10-03 22:45:00+00:00,2022-10-03 12:20:00+00:00,CAPELLA-3-WHITNEY,2022-10-04 07:10:00+00:00,CAPELLA-3-WHITNEY,0,74,-16
328,328,reported,2022-10-03 09:17:00+00:00,2022-10-03 21:17:00+00:00,2022-10-03 13:30:00+00:00,CAPELLA-7-WHITNEY,2022-10-04 07:12:00+00:00,CAPELLA-7-WHITNEY,0,55,116
329,329,reported,2022-10-03 08:15:00+00:00,2022-10-03 20:15:00+00:00,2022-10-03 12:16:00+00:00,CAPELLA-7-WHITNEY,2022-10-04 07:12:00+00:00,CAPELLA-7-WHITNEY,0,40,-31
330,330,reported,2022-10-03 09:23:00+00:00,2022-10-03 21:23:00+00:00,2022-10-03 13:44:00+00:00,CAPELLA-5-WHITNEY,2022-10-04 04:50:00+00:00,CAPELLA-5-WHITNEY,0,-46,6
331,331,reported,2022-10-03 14:01:00+00:00,2022-10-04 02:01:00+00:00,2022-10-04 00:52:00+00:00,CAPELLA-7-WHITNEY,2022-10-04 07:12:00+00:00,CAPELLA-7-WHITNEY,0,61,155
332,332,reported,2022-10-03 13:08:00+00:00,2022-10-04 01:08:00+00:00,2022-10-03 15:24:00+00:00,CAPELLA-5-WHITNEY,2022-10-04 04:50:00+00:00,CAPELLA-5-WHITNEY,0,-65,-23
333,333,reported,2022-10-03 15:01:00+00:00,2022-10-04 03:01:00+00:00,2022-10-03 15:26:00+00:00,CAPELLA-5-WHITNEY,2022-10-04 04:50:00+00:00,CAPELLA-5-WHITNEY,0,-71,-42
334,334,reported,2022-10-03 12:04:00+00:00,2022-10-04 00:04:00+00:00,2022-10-03 20:40:00+00:00,CAPELLA-7-WHITNEY,2022-10-04 07:12:00+00:00,CAPELLA-7-WHITNEY,0,-63,-170
335,335,finished,2022-10-03 10:00:00+00:00,2022-10-03 22:00:00+00:00,2022-10-03 13:14:00+00:00,CAPELLA-6-WHITNEY,1900-01-01 00:00:00+00:00,Unreported,,-29,23
336,336,finished,2022-10-03 13:04:00+00:00,2022-10-04 01:04:00+00:00,2022-10-03 15:28:00+00:00,CAPELLA-6-WHITNEY,1900-01-01 00:00:00+00:00,Unreported,,0,144
337,337,finished,2022-10-03 10:39:00+00:00,2022-10-03 22:39:00+00:00,1900-01-01 00:00:00+00:00,Undetected,1900-01-01 00:00:00+00:00,Unreported,,88,161
338,338,reported,2022-10-03 07:45:00+00:00,2022-10-03 19:45:00+00:00,2022-10-03 12:18:00+00:00,CAPELLA-3-WHITNEY,2022-10-04 07:10:00+00:00,CAPELLA-3-WHITNEY,0,77,-20
339,339,finished,2022-10-03 10:20:00+00:00,2022-10-03 22:20:00+00:00,2022-10-03 16:04:00+00:00,CAPELLA-2-SEQUOIA,1900-01-01 00:00:00+00:00,Unreported,,28,-2
340,340,finished,2022-10-03 09:02:00+00:00,2022-10-03 21:02:00+00:00,2022-10-03 11:52:00+00:00,CAPELLA-6-WHITNEY,1900-01-01 00:00:00+00:00,Unreported,,-56,102
341,341,reported,2022-10-03 09:37:00+00:00,2022-10-03 21:37:00+00:00,2022-10-03 13:30:00+00:00,CAPELLA-3-WHITNEY,2022-10-04 07:10:00+00:00,CAPELLA-3-WHITNEY,0,15,117
342,342,finished,2022-10-03 14:59:00+00:00,2022-10-04 02:59:00+00:00,2022-10-03 20:08:00+00:00,CAPELLA-6-WHITNEY,1900-01-01 00:00:00+00:00,Unreported,,-27,49
343,343,finished,2022-10-03 16:08:00+00:00,2022-10-04 04:08:00+00:00,2022-10-03 18:18:00+00:00,CAPELLA-2-SEQUOIA,1900-01-01 00:00:00+00:00,Unreported,,-16,122
344,344,finished,2022-10-03 10:52:00+00:00,2022-10-03 22:52:00+00:00,2022-10-03 16:14:00+00:00,CAPELLA-6-WHITNEY,1900-01-01 00:00:00+00:00,Unreported,,8,-52
345,345,reported,2022-10-03 16:44:00+00:00,2022-10-04 04:44:00+00:00,2022-10-03 17:08:00+00:00,CAPELLA-1-DENALI,2022-10-04 06:28:00+00:00,CAPELLA-1-DENALI,0,-61,107
346,346,reported,2022-10-03 10:35:00+00:00,2022-10-03 22:35:00+00:00,2022-10-03 13:24:00+00:00,CAPELLA-5-WHITNEY,2022-10-04 04:50:00+00:00,CAPELLA-5-WHITNEY,0,34,24
347,347,reported,2022-10-03 14:46:00+00:00,2022-10-04 02:46:00+00:00,2022-10-03 20:06:00+00:00,CAPELLA-7-WHITNEY,2022-10-04 07:12:00+00:00,CAPELLA-7-WHITNEY,0,65,-135
348,348,finished,2022-10-03 15:27:00+00:00,2022-10-04 03:27:00+00:00,2022-10-03 19:54:00+00:00,CAPELLA-2-SEQUOIA,1900-01-01 00:00:00+00:00,Unreported,,-16,102
349,349,finished,2022-10-03 10:27:00+00:00,2022-10-03 22:27:00+00:00,2022-10-03 16:32:00+00:00,CAPELLA-2-SEQUOIA,1900-01-01 00:00:00+00:00,Unreported,,19,112
350,350,reported,2022-10-03 17:01:00+00:00,2022-10-04 05:01:00+00:00,2022-10-03 17:38:00+00:00,CAPELLA-7-WHITNEY,2022-10-04 07:12:00+00:00,CAPELLA-7-WHITNEY,0,-81,117
351,351,finished,2022-10-03 17:44:00+00:00,2022-10-04 05:44:00+00:00,2022-10-03 20:38:00+00:00,CAPELLA-5-WHITNEY,2022-10-04 04:50:00+00:00,CAPELLA-5-WHITNEY,0,8,84
352,352,finished,2022-10-03 19:02:00+00:00,2022-10-04 07:02:00+00:00,2022-10-03 21:38:00+00:00,CAPELLA-2-SEQUOIA,1900-01-01 00:00:00+00:00,Unreported,,-37,112
353,353,reported,2022-10-03 14:20:00+00:00,2022-10-04 02:20:00+00:00,2022-10-03 17:18:00+00:00,CAPELLA-5-WHITNEY,2022-10-04 04:50:00+00:00,CAPELLA-5-WHITNEY,0,-41,141
354,354,reported,2022-10-03 13:36:00+00:00,2022-10-04 01:36:00+00:00,2022-10-03 15:46:00+00:00,CAPELLA-5-WHITNEY,2022-10-04 04:50:00+00:00,CAPELLA-5-WHITNEY,0,-29,165
355,355,reported,2022-10-03 11:14:00+00:00,2022-10-03 23:14:00+00:00,2022-10-04 00:54:00+00:00,CAPELLA-7-WHITNEY,2022-10-04 07:12:00+00:00,CAPELLA-7-WHITNEY,0,59,149
356,356,reported,2022-10-03 17:55:00+00:00,2022-10-04 05:55:00+00:00,2022-10-03 22:50:00+00:00,CAPELLA-7-WHITNEY,2022-10-04 07:12:00+00:00,CAPELLA-7-WHITNEY,0,17,-14
357,357,reported,2022-10-03 18:01:00+00:00,2022-10-04 06:01:00+00:00,2022-10-03 22:56:00+00:00,CAPELLA-7-WHITNEY,2022-10-04 07:12:00+00:00,CAPELLA-7-WHITNEY,0,35,-18
358,358,reported,2022-10-03 07:39:00+00:00,2022-10-03 19:39:00+00:00,2022-10-03 09:48:00+00:00,CAPELLA-7-WHITNEY,2022-10-04 07:12:00+00:00,CAPELLA-7-WHITNEY,0,-60,-165
359,359,finished,2022-10-03 13:10:00+00:00,2022-10-04 01:10:00+00:00,2022-10-03 14:40:00+00:00,CAPELLA-6-WHITNEY,1900-01-01 00:00:00+00:00,Unreported,,3,-20
360,360,reported,2022-10-03 11:14:00+00:00,2022-10-03 23:14:00+00:00,2022-10-03 12:04:00+00:00,CAPELLA-5-WHITNEY,2022-10-04 04:50:00+00:00,CAPELLA-5-WHITNEY,0,-24,35
361,361,reported,2022-10-03 13:39:00+00:00,2022-10-04 01:39:00+00:00,2022-10-03 14:42:00+00:00,CAPELLA-5-WHITNEY,2022-10-04 04:50:00+00:00,CAPELLA-5-WHITNEY,0,79,117
362,362,reported,2022-10-03 07:47:00+00:00,2022-10-03 19:47:00+00:00,2022-10-03 08:12:00+00:00,CAPELLA-4-WHITNEY,2022-10-04 07:14:00+00:00,CAPELLA-4-WHITNEY,0,-54,6
363,363,reported,2022-10-03 14:43:00+00:00,2022-10-04 02:43:00+00:00,2022-10-03 20:10:00+00:00,CAPELLA-3-WHITNEY,2022-10-04 07:10:00+00:00,CAPELLA-3-WHITNEY,0,73,-144
364,364,finished,2022-10-03 12:46:00+00:00,2022-10-04 00:46:00+00:00,2022-10-03 14:02:00+00:00,CAPELLA-2-SEQUOIA,1900-01-01 00:00:00+00:00,Unreported,,-37,-59
365,365,reported,2022-10-03 15:26:00+00:00,2022-10-04 03:26:00+00:00,2022-10-03 20:42:00+00:00,CAPELLA-7-WHITNEY,2022-10-04 07:12:00+00:00,CAPELLA-7-WHITNEY,0,-70,172
366,366,reported,2022-10-03 12:56:00+00:00,2022-10-04 00:56:00+00:00,2022-10-03 14:56:00+00:00,CAPELLA-4-WHITNEY,2022-10-04 07:14:00+00:00,CAPELLA-4-WHITNEY,0,-22,100
367,367,reported,2022-10-03 14:13:00+00:00,2022-10-04 02:13:00+00:00,2022-10-03 19:44:00+00:00,CAPELLA-8-WHITNEY,2022-10-04 06:02:00+00:00,CAPELLA-8-WHITNEY,0,-74,48
368,368,finished,2022-10-03 08:20:00+00:00,2022-10-03 20:20:00+00:00,2022-10-03 15:18:00+00:00,CAPELLA-6-WHITNEY,1900-01-01 00:00:00+00:00,Unreported,,-36,124
369,369,reported,2022-10-03 15:30:00+00:00,2022-10-04 03:30:00+00:00,2022-10-04 02:38:00+00:00,CAPELLA-3-WHITNEY,2022-10-04 07:10:00+00:00,CAPELLA-3-WHITNEY,0,33,110
370,370,reported,2022-10-03 16:33:00+00:00,2022-10-04 04:33:00+00:00,2022-10-03 22:46:00+00:00,CAPELLA-3-WHITNEY,2022-10-04 07:10:00+00:00,CAPELLA-3-WHITNEY,0,-16,-14
371,371,finished,2022-10-03 15:17:00+00:00,2022-10-04 03:17:00+00:00,2022-10-04 03:04:00+00:00,CAPELLA-2-SEQUOIA,1900-01-01 00:00:00+00:00,Unreported,,35,-161
372,372,reported,2022-10-03 09:02:00+00:00,2022-10-03 21:02:00+00:00,2022-10-03 11:40:00+00:00,CAPELLA-5-WHITNEY,2022-10-04 04:50:00+00:00,CAPELLA-5-WHITNEY,0,69,69
373,373,reported,2022-10-03 17:29:00+00:00,2022-10-04 05:29:00+00:00,2022-10-03 19:02:00+00:00,CAPELLA-3-WHITNEY,2022-10-04 07:10:00+00:00,CAPELLA-3-WHITNEY,0,-25,-143
374,374,reported,2022-10-03 10:42:00+00:00,2022-10-03 22:42:00+00:00,2022-10-03 13:44:00+00:00,CAPELLA-7-WHITNEY,2022-10-04 07:12:00+00:00,CAPELLA-7-WHITNEY,0,69,-47
375,375,reported,2022-10-03 15:17:00+00:00,2022-10-04 03:17:00+00:00,2022-10-03 18:38:00+00:00,CAPELLA-3-WHITNEY,2022-10-04 07:10:00+00:00,CAPELLA-3-WHITNEY,0,65,-120
376,376,detected,2022-10-03 14:40:00+00:00,2022-10-04 02:40:00+00:00,2022-10-04 03:22:00+00:00,CAPELLA-6-WHITNEY,1900-01-01 00:00:00+00:00,Unreported,,24,125
377,377,finished,2022-10-03 18:56:00+00:00,2022-10-04 06:56:00+00:00,2022-10-04 01:10:00+00:00,CAPELLA-6-WHITNEY,1900-01-01 00:00:00+00:00,Unreported,,12,14
378,378,reported,2022-10-03 12:00:00+00:00,2022-10-04 00:00:00+00:00,2022-10-03 12:22:00+00:00,CAPELLA-5-WHITNEY,2022-10-04 04:50:00+00:00,CAPELLA-5-WHITNEY,0,-85,-56
379,379,finished,2022-10-03 19:06:00+00:00,2022-10-04 07:06:00+00:00,2022-10-03 21:40:00+00:00,CAPELLA-5-WHITNEY,2022-10-04 04:50:00+00:00,CAPELLA-5-WHITNEY,0,-64,-122
380,380,finished,2022-10-03 16:03:00+00:00,2022-10-04 04:03:00+00:00,1900-01-01 00:00:00+00:00,Undetected,1900-01-01 00:00:00+00:00,Unreported,,89,-6
381,381,finished,2022-10-03 19:08:00+00:00,2022-10-04 07:08:00+00:00,2022-10-03 19:40:00+00:00,CAPELLA-6-WHITNEY,1900-01-01 00:00:00+00:00,Unreported,,-29,-68
382,382,finished,2022-10-03 07:22:00+00:00,2022-10-03 19:22:00+00:00,1900-01-01 00:00:00+00:00,Undetected,1900-01-01 00:00:00+00:00,Unreported,,-89,-108
383,383,reported,2022-10-03 12:38:00+00:00,2022-10-04 00:38:00+00:00,2022-10-03 12:54:00+00:00,CAPELLA-3-WHITNEY,2022-10-04 07:10:00+00:00,CAPELLA-3-WHITNEY,0,-60,-64
384,384,finished,2022-10-03 14:46:00+00:00,2022-10-04 02:46:00+00:00,2022-10-03 21:38:00+00:00,CAPELLA-6-WHITNEY,1900-01-01 00:00:00+00:00,Unreported,,-43,6
385,385,finished,2022-10-03 09:01:00+00:00,2022-10-03 21:01:00+00:00,1900-01-01 00:00:00+00:00,Undetected,1900-01-01 00:00:00+00:00,Unreported,,-2,139
386,386,reported,2022-10-03 11:38:00+00:00,2022-10-03 23:38:00+00:00,2022-10-03 12:04:00+00:00,CAPELLA-1-DENALI,2022-10-04 06:28:00+00:00,CAPELLA-1-DENALI,0,-38,-25
387,387,finished,2022-10-03 14:56:00+00:00,2022-10-04 02:56:00+00:00,2022-10-03 17:58:00+00:00,CAPELLA-6-WHITNEY,1900-01-01 00:00:00+00:00,Unreported,,-11,-56
388,388,reported,2022-10-03 13:09:00+00:00,2022-10-04 01:09:00+00:00,2022-10-04 00:32:00+00:00,CAPELLA-5-WHITNEY,2022-10-04 04:50:00+00:00,CAPELLA-5-WHITNEY,0,-3,-151
389,389,reported,2022-10-03 13:25:00+00:00,2022-10-04 01:25:00+00:00,2022-10-03 15:44:00+00:00,CAPELLA-3-WHITNEY,2022-10-04 07:10:00+00:00,CAPELLA-3-WHITNEY,0,9,-90
390,390,reported,2022-10-03 18:52:00+00:00,2022-10-04 06:52:00+00:00,2022-10-03 20:58:00+00:00,CAPELLA-3-WHITNEY,2022-10-04 07:10:00+00:00,CAPELLA-3-WHITNEY,0,-70,24
391,391,finished,2022-10-03 18:36:00+00:00,2022-10-04 06:36:00+00:00,1900-01-01 00:00:00+00:00,Undetected,1900-01-01 00:00:00+00:00,Unreported,,14,44
392,392,reported,2022-10-03 07:22:00+00:00,2022-10-03 19:22:00+00:00,2022-10-03 08:58:00+00:00,CAPELLA-5-WHITNEY,2022-10-04 04:50:00+00:00,CAPELLA-5-WHITNEY,0,-33,77
393,393,reported,2022-10-03 13:59:00+00:00,2022-10-04 01:59:00+00:00,2022-10-03 15:18:00+00:00,CAPELLA-7-WHITNEY,2022-10-04 07:12:00+00:00,CAPELLA-7-WHITNEY,0,69,-57
394,394,reported,2022-10-03 07:28:00+00:00,2022-10-03 19:28:00+00:00,2022-10-03 08:22:00+00:00,CAPELLA-3-WHITNEY,2022-10-04 07:10:00+00:00,CAPELLA-3-WHITNEY,0,-80,-136
395,395,reported,2022-10-03 17:15:00+00:00,2022-10-04 05:15:00+00:00,2022-10-03 22:58:00+00:00,CAPELLA-8-WHITNEY,2022-10-04 06:02:00+00:00,CAPELLA-8-WHITNEY,0,-62,-8
396,396,reported,2022-10-03 13:48:00+00:00,2022-10-04 01:48:00+00:00,2022-10-03 17:40:00+00:00,CAPELLA-7-WHITNEY,2022-10-04 07:12:00+00:00,CAPELLA-7-WHITNEY,0,-74,83
397,397,finished,2022-10-03 14:52:00+00:00,2022-10-04 02:52:00+00:00,2022-10-03 19:30:00+00:00,CAPELLA-2-SEQUOIA,1900-01-01 00:00:00+00:00,Unreported,,39,31
398,398,reported,2022-10-03 10:55:00+00:00,2022-10-03 22:55:00+00:00,2022-10-03 14:38:00+00:00,CAPELLA-7-WHITNEY,2022-10-04 07:12:00+00:00,CAPELLA-7-WHITNEY,0,-45,116
399,399,finished,2022-10-03 16:21:00+00:00,2022-10-04 04:21:00+00:00,1900-01-01 00:00:00+00:00,Undetected,1900-01-01 00:00:00+00:00,Unreported,,89,-125
400,400,reported,2022-10-03 15:49:00+00:00,2022-10-04 03:49:00+00:00,2022-10-03 18:32:00+00:00,CAPELLA-5-WHITNEY,2022-10-04 04:50:00+00:00,CAPELLA-5-WHITNEY,0,-61,-75
401,401,reported,2022-10-03 13:03:00+00:00,2022-10-04 01:03:00+00:00,2022-10-03 13:16:00+00:00,CAPELLA-1-DENALI,2022-10-04 06:28:00+00:00,CAPELLA-1-DENALI,0,44,-24
402,402,reported,2022-10-03 16:20:00+00:00,2022-10-04 04:20:00+00:00,2022-10-03 23:40:00+00:00,CAPELLA-8-WHITNEY,2022-10-04 06:02:00+00:00,CAPELLA-8-WHITNEY,0,80,179
403,403,finished,2022-10-03 07:37:00+00:00,2022-10-03 19:37:00+00:00,2022-10-03 08:40:00+00:00,CAPELLA-6-WHITNEY,1900-01-01 00:00:00+00:00,Unreported,,-55,152
404,404,finished,2022-10-03 14:33:00+00:00,2022-10-04 02:33:00+00:00,2022-10-03 16:04:00+00:00,CAPELLA-6-WHITNEY,1900-01-01 00:00:00+00:00,Unreported,,39,-72
405,405,finished,2022-10-03 13:20:00+00:00,2022-10-04 01:20:00+00:00,2022-10-03 18:02:00+00:00,CAPELLA-6-WHITNEY,1900-01-01 00:00:00+00:00,Unreported,,-26,-50
406,406,finished,2022-10-03 09:30:00+00:00,2022-10-03 21:30:00+00:00,2022-10-03 13:50:00+00:00,CAPELLA-6-WHITNEY,1900-01-01 00:00:00+00:00,Unreported,,-8,163
407,407,reported,2022-10-03 14:32:00+00:00,2022-10-04 02:32:00+00:00,2022-10-04 00:00:00+00:00,CAPELLA-7-WHITNEY,2022-10-04 07:12:00+00:00,CAPELLA-7-WHITNEY,0,-77,0
408,408,reported,2022-10-03 12:40:00+00:00,2022-10-04 00:40:00+00:00,2022-10-03 13:52:00+00:00,CAPELLA-5-WHITNEY,2022-10-04 04:50:00+00:00,CAPELLA-5-WHITNEY,0,-70,-25
409,409,finished,2022-10-03 18:01:00+00:00,2022-10-04 06:01:00+00:00,2022-10-03 18:04:00+00:00,CAPELLA-8-WHITNEY,2022-10-04 06:02:00+00:00,CAPELLA-8-WHITNEY,0,-79,139
410,410,finished,2022-10-03 18:00:00+00:00,2022-10-04 06:00:00+00:00,2022-10-03 20:32:00+00:00,CAPELLA-6-WHITNEY,1900-01-01 00:00:00+00:00,Unreported,,41,110
411,411,finished,2022-10-03 18:34:00+00:00,2022-10-04 06:34:00+00:00,2022-10-03 22:22:00+00:00,CAPELLA-2-SEQUOIA,1900-01-01 00:00:00+00:00,Unreported,,33,-91
412,412,finished,2022-10-03 16:09:00+00:00,2022-10-04 04:09:00+00:00,2022-10-03 17:08:00+00:00,CAPELLA-6-WHITNEY,1900-01-01 00:00:00+00:00,Unreported,,9,129
413,413,finished,2022-10-03 11:50:00+00:00,2022-10-03 23:50:00+00:00,1900-01-01 00:00:00+00:00,Undetected,1900-01-01 00:00:00+00:00,Unreported,,89,40
414,414,reported,2022-10-03 11:23:00+00:00,2022-10-03 23:23:00+00:00,2022-10-03 13:50:00+00:00,CAPELLA-5-WHITNEY,2022-10-04 04:50:00+00:00,CAPELLA-5-WHITNEY,0,-68,0
415,415,reported,2022-10-03 10:57:00+00:00,2022-10-03 22:57:00+00:00,2022-10-03 18:42:00+00:00,CAPELLA-4-WHITNEY,2022-10-04 07:14:00+00:00,CAPELLA-4-WHITNEY,0,62,-124
416,416,finished,2022-10-03 12:45:00+00:00,2022-10-04 00:45:00+00:00,2022-10-03 13:26:00+00:00,CAPELLA-6-WHITNEY,1900-01-01 00:00:00+00:00,Unreported,,-55,68
417,417,reported,2022-10-03 16:19:00+00:00,2022-10-04 04:19:00+00:00,2022-10-03 18:00:00+00:00,CAPELLA-7-WHITNEY,2022-10-04 07:12:00+00:00,CAPELLA-7-WHITNEY,0,-2,62
418,418,finished,2022-10-03 13:19:00+00:00,2022-10-04 01:19:00+00:00,2022-10-03 16:06:00+00:00,CAPELLA-2-SEQUOIA,1900-01-01 00:00:00+00:00,Unreported,,34,7
419,419,reported,2022-10-03 18:07:00+00:00,2022-10-04 06:07:00+00:00,2022-10-03 23:48:00+00:00,CAPELLA-7-WHITNEY,2022-10-04 07:12:00+00:00,CAPELLA-7-WHITNEY,0,-53,149
420,420,reported,2022-10-03 09:42:00+00:00,2022-10-03 21:42:00+00:00,2022-10-03 16:48:00+00:00,CAPELLA-3-WHITNEY,2022-10-04 07:10:00+00:00,CAPELLA-3-WHITNEY,0,52,62
421,421,reported,2022-10-03 07:49:00+00:00,2022-10-03 19:49:00+00:00,2022-10-03 08:20:00+00:00,CAPELLA-7-WHITNEY,2022-10-04 07:12:00+00:00,CAPELLA-7-WHITNEY,0,-33,-147
422,422,finished,2022-10-03 11:09:00+00:00,2022-10-03 23:09:00+00:00,2022-10-03 17:00:00+00:00,CAPELLA-2-SEQUOIA,1900-01-01 00:00:00+00:00,Unreported,,-46,-156
423,423,reported,2022-10-03 16:09:00+00:00,2022-10-04 04:09:00+00:00,2022-10-03 16:16:00+00:00,CAPELLA-5-WHITNEY,2022-10-04 04:50:00+00:00,CAPELLA-5-WHITNEY,0,83,85
424,424,reported,2022-10-03 14:44:00+00:00,2022-10-04 02:44:00+00:00,2022-10-04 01:48:00+00:00,CAPELLA-7-WHITNEY,2022-10-04 07:12:00+00:00,CAPELLA-7-WHITNEY,0,-35,-56
425,425,reported,2022-10-03 15:06:00+00:00,2022-10-04 03:06:00+00:00,2022-10-03 16:22:00+00:00,CAPELLA-5-WHITNEY,2022-10-04 04:50:00+00:00,CAPELLA-5-WHITNEY,0,69,-8
426,426,finished,2022-10-03 18:45:00+00:00,2022-10-04 06:45:00+00:00,2022-10-03 23:44:00+00:00,CAPELLA-6-WHITNEY,1900-01-01 00:00:00+00:00,Unreported,,40,60
427,427,reported,2022-10-03 11:21:00+00:00,2022-10-03 23:21:00+00:00,2022-10-03 17:22:00+00:00,CAPELLA-3-WHITNEY,2022-10-04 07:10:00+00:00,CAPELLA-3-WHITNEY,0,-6,-118
428,428,reported,2022-10-03 18:30:00+00:00,2022-10-04 06:30:00+00:00,2022-10-03 20:48:00+00:00,CAPELLA-4-WHITNEY,2022-10-04 07:14:00+00:00,CAPELLA-4-WHITNEY,0,-59,175
429,429,reported,2022-10-03 18:28:00+00:00,2022-10-04 06:28:00+00:00,2022-10-03 18:30:00+00:00,CAPELLA-7-WHITNEY,2022-10-04 07:12:00+00:00,CAPELLA-7-WHITNEY,0,70,-109
430,430,reported,2022-10-03 18:47:00+00:00,2022-10-04 06:47:00+00:00,2022-10-04 07:10:00+00:00,CAPELLA-3-WHITNEY,2022-10-04 07:10:00+00:00,CAPELLA-3-WHITNEY,0,69,53
431,431,reported,2022-10-03 13:46:00+00:00,2022-10-04 01:46:00+00:00,2022-10-03 15:58:00+00:00,CAPELLA-7-WHITNEY,2022-10-04 07:12:00+00:00,CAPELLA-7-WHITNEY,0,-72,-123
432,432,reported,2022-10-03 15:59:00+00:00,2022-10-04 03:59:00+00:00,2022-10-03 19:42:00+00:00,CAPELLA-7-WHITNEY,2022-10-04 07:12:00+00:00,CAPELLA-7-WHITNEY,0,25,31
433,433,reported,2022-10-03 14:18:00+00:00,2022-10-04 02:18:00+00:00,2022-10-03 18:48:00+00:00,CAPELLA-3-WHITNEY,2022-10-04 07:10:00+00:00,CAPELLA-3-WHITNEY,0,27,-134
434,434,detected,2022-10-03 11:01:00+00:00,2022-10-03 23:01:00+00:00,2022-10-03 23:20:00+00:00,CAPELLA-6-WHITNEY,1900-01-01 00:00:00+00:00,Unreported,,-25,5
435,435,reported,2022-10-03 13:05:00+00:00,2022-10-04 01:05:00+00:00,2022-10-03 13:30:00+00:00,CAPELLA-8-WHITNEY,2022-10-04 06:02:00+00:00,CAPELLA-8-WHITNEY,0,-48,140
436,436,reported,2022-10-03 11:17:00+00:00,2022-10-03 23:17:00+00:00,2022-10-03 11:58:00+00:00,CAPELLA-4-WHITNEY,2022-10-04 07:14:00+00:00,CAPELLA-4-WHITNEY,0,19,140
437,437,finished,2022-10-03 17:50:00+00:00,2022-10-04 05:50:00+00:00,2022-10-03 17:54:00+00:00,CAPELLA-2-SEQUOIA,1900-01-01 00:00:00+00:00,Unreported,,43,52
438,438,reported,2022-10-03 10:58:00+00:00,2022-10-03 22:58:00+00:00,2022-10-03 15:20:00+00:00,CAPELLA-7-WHITNEY,2022-10-04 07:12:00+00:00,CAPELLA-7-WHITNEY,0,63,-69
439,439,detected,2022-10-03 10:58:00+00:00,2022-10-03 22:58:00+00:00,2022-10-04 02:12:00+00:00,CAPELLA-6-WHITNEY,1900-01-01 00:00:00+00:00,Unreported,,-50,-135
440,440,reported,2022-10-03 07:38:00+00:00,2022-10-03 19:38:00+00:00,2022-10-03 13:08:00+00:00,CAPELLA-3-WHITNEY,2022-10-04 07:10:00+00:00,CAPELLA-3-WHITNEY,0,-66,140
441,441,reported,2022-10-03 14:59:00+00:00,2022-10-04 02:59:00+00:00,2022-10-03 17:10:00+00:00,CAPELLA-5-WHITNEY,2022-10-04 04:50:00+00:00,CAPELLA-5-WHITNEY,0,-70,166
442,442,reported,2022-10-03 18:42:00+00:00,2022-10-04 06:42:00+00:00,2022-10-03 22:46:00+00:00,CAPELLA-7-WHITNEY,2022-10-04 07:12:00+00:00,CAPELLA-7-WHITNEY,0,-3,-14
443,443,reported,2022-10-03 10:50:00+00:00,2022-10-03 22:50:00+00:00,2022-10-03 18:00:00+00:00,CAPELLA-4-WHITNEY,2022-10-04 07:14:00+00:00,CAPELLA-4-WHITNEY,0,-41,57
444,444,reported,2022-10-03 13:14:00+00:00,2022-10-04 01:14:00+00:00,2022-10-03 22:52:00+00:00,CAPELLA-8-WHITNEY,2022-10-04 06:02:00+00:00,CAPELLA-8-WHITNEY,0,-83,16
445,445,finished,2022-10-03 08:48:00+00:00,2022-10-03 20:48:00+00:00,1900-01-01 00:00:00+00:00,Undetected,1900-01-01 00:00:00+00:00,Unreported,,-89,15
446,446,finished,2022-10-03 18:09:00+00:00,2022-10-04 06:09:00+00:00,2022-10-03 19:30:00+00:00,CAPELLA-5-WHITNEY,2022-10-04 04:50:00+00:00,CAPELLA-5-WHITNEY,0,75,-48
447,447,finished,2022-10-03 09:56:00+00:00,2022-10-03 21:56:00+00:00,2022-10-03 12:00:00+00:00,CAPELLA-6-WHITNEY,1900-01-01 00:00:00+00:00,Unreported,,-46,147
448,448,reported,2022-10-03 12:38:00+00:00,2022-10-04 00:38:00+00:00,2022-10-03 12:52:00+00:00,CAPELLA-8-WHITNEY,2022-10-04 06:02:00+00:00,CAPELLA-8-WHITNEY,0,11,-41
449,449,reported,2022-10-03 16:50:00+00:00,2022-10-04 04:50:00+00:00,2022-10-03 16:52:00+00:00,CAPELLA-1-DENALI,2022-10-04 06:28:00+00:00,CAPELLA-1-DENALI,0,-58,-103
450,450,finished,2022-10-03 13:03:00+00:00,2022-10-04 01:03:00+00:00,2022-10-03 14:50:00+00:00,CAPELLA-6-WHITNEY,1900-01-01 00:00:00+00:00,Unreported,,-27,3
451,451,reported,2022-10-03 12:40:00+00:00,2022-10-04 00:40:00+00:00,2022-10-03 20:54:00+00:00,CAPELLA-7-WHITNEY,2022-10-04 07:12:00+00:00,CAPELLA-7-WHITNEY,0,-67,28
452,452,finished,2022-10-03 10:02:00+00:00,2022-10-03 22:02:00+00:00,2022-10-03 10:16:00+00:00,CAPELLA-2-SEQUOIA,1900-01-01 00:00:00+00:00,Unreported,,18,-151
453,453,reported,2022-10-03 16:42:00+00:00,2022-10-04 04:42:00+00:00,2022-10-03 21:44:00+00:00,CAPELLA-3-WHITNEY,2022-10-04 07:10:00+00:00,CAPELLA-3-WHITNEY,0,74,-167
454,454,finished,2022-10-03 12:58:00+00:00,2022-10-04 00:58:00+00:00,2022-10-03 13:38:00+00:00,CAPELLA-2-SEQUOIA,1900-01-01 00:00:00+00:00,Unreported,,-18,-159
455,455,reported,2022-10-03 18:53:00+00:00,2022-10-04 06:53:00+00:00,2022-10-03 19:54:00+00:00,CAPELLA-7-WHITNEY,2022-10-04 07:12:00+00:00,CAPELLA-7-WHITNEY,0,71,19
456,456,finished,2022-10-03 15:45:00+00:00,2022-10-04 03:45:00+00:00,1900-01-01 00:00:00+00:00,Undetected,1900-01-01 00:00:00+00:00,Unreported,,0,68
457,457,finished,2022-10-03 08:45:00+00:00,2022-10-03 20:45:00+00:00,2022-10-03 11:32:00+00:00,CAPELLA-2-SEQUOIA,1900-01-01 00:00:00+00:00,Unreported,,44,114
458,458,finished,2022-10-03 09:29:00+00:00,2022-10-03 21:29:00+00:00,2022-10-03 10:50:00+00:00,CAPELLA-2-SEQUOIA,1900-01-01 00:00:00+00:00,Unreported,,-41,-24
459,459,reported,2022-10-03 15:17:00+00:00,2022-10-04 03:17:00+00:00,2022-10-03 20:02:00+00:00,CAPELLA-7-WHITNEY,2022-10-04 07:12:00+00:00,CAPELLA-7-WHITNEY,0,79,-124
460,460,finished,2022-10-03 08:07:00+00:00,2022-10-03 20:07:00+00:00,1900-01-01 00:00:00+00:00,Undetected,1900-01-01 00:00:00+00:00,Unreported,,87,-172
461,461,reported,2022-10-03 16:01:00+00:00,2022-10-04 04:01:00+00:00,2022-10-03 20:56:00+00:00,CAPELLA-7-WHITNEY,2022-10-04 07:12:00+00:00,CAPELLA-7-WHITNEY,0,-58,32
462,462,reported,2022-10-03 12:38:00+00:00,2022-10-04 00:38:00+00:00,2022-10-03 14:20:00+00:00,CAPELLA-3-WHITNEY,2022-10-04 07:10:00+00:00,CAPELLA-3-WHITNEY,0,-28,-73
463,463,reported,2022-10-03 11:29:00+00:00,2022-10-03 23:29:00+00:00,2022-10-03 12:06:00+00:00,CAPELLA-4-WHITNEY,2022-10-04 07:14:00+00:00,CAPELLA-4-WHITNEY,0,50,134
464,464,finished,2022-10-03 13:13:00+00:00,2022-10-04 01:13:00+00:00,1900-01-01 00:00:00+00:00,Undetected,1900-01-01 00:00:00+00:00,Unreported,,-89,92
465,465,reported,2022-10-03 12:01:00+00:00,2022-10-04 00:01:00+00:00,2022-10-03 19:58:00+00:00,CAPELLA-5-WHITNEY,2022-10-04 04:50:00+00:00,CAPELLA-5-WHITNEY,0,-33,-84
466,466,finished,2022-10-03 15:39:00+00:00,2022-10-04 03:39:00+00:00,2022-10-04 02:06:00+00:00,CAPELLA-2-SEQUOIA,1900-01-01 00:00:00+00:00,Unreported,,-10,-1
467,467,finished,2022-10-03 08:10:00+00:00,2022-10-03 20:10:00+00:00,1900-01-01 00:00:00+00:00,Undetected,1900-01-01 00:00:00+00:00,Unreported,,-88,-111
468,468,reported,2022-10-03 19:02:00+00:00,2022-10-04 07:02:00+00:00,2022-10-04 06:26:00+00:00,CAPELLA-7-WHITNEY,2022-10-04 07:12:00+00:00,CAPELLA-7-WHITNEY,0,-60,-107
469,469,reported,2022-10-03 14:00:00+00:00,2022-10-04 02:00:00+00:00,2022-10-03 17:08:00+00:00,CAPELLA-5-WHITNEY,2022-10-04 04:50:00+00:00,CAPELLA-5-WHITNEY,0,-73,174
470,470,finished,2022-10-03 19:12:00+00:00,2022-10-04 07:12:00+00:00,2022-10-03 19:24:00+00:00,CAPELLA-1-DENALI,2022-10-04 06:28:00+00:00,CAPELLA-1-DENALI,0,81,-71
471,471,finished,2022-10-03 13:17:00+00:00,2022-10-04 01:17:00+00:00,2022-10-03 16:38:00+00:00,CAPELLA-6-WHITNEY,1900-01-01 00:00:00+00:00,Unreported,,-53,17
472,472,reported,2022-10-03 17:31:00+00:00,2022-10-04 05:31:00+00:00,2022-10-03 21:56:00+00:00,CAPELLA-3-WHITNEY,2022-10-04 07:10:00+00:00,CAPELLA-3-WHITNEY,0,28,-178
473,473,finished,2022-10-03 18:36:00+00:00,2022-10-04 06:36:00+00:00,2022-10-03 19:10:00+00:00,CAPELLA-2-SEQUOIA,1900-01-01 00:00:00+00:00,Unreported,,25,-55
474,474,reported,2022-10-03 12:34:00+00:00,2022-10-04 00:34:00+00:00,2022-10-03 17:50:00+00:00,CAPELLA-3-WHITNEY,2022-10-04 07:10:00+00:00,CAPELLA-3-WHITNEY,0,-68,67
475,475,reported,2022-10-03 09:22:00+00:00,2022-10-03 21:22:00+00:00,2022-10-03 13:44:00+00:00,CAPELLA-7-WHITNEY,2022-10-04 07:12:00+00:00,CAPELLA-7-WHITNEY,0,70,-44
476,476,reported,2022-10-03 18:18:00+00:00,2022-10-04 06:18:00+00:00,2022-10-03 20:02:00+00:00,CAPELLA-7-WHITNEY,2022-10-04 07:12:00+00:00,CAPELLA-7-WHITNEY,0,78,-117
477,477,reported,2022-10-03 12:39:00+00:00,2022-10-04 00:39:00+00:00,2022-10-03 15:14:00+00:00,CAPELLA-5-WHITNEY,2022-10-04 04:50:00+00:00,CAPELLA-5-WHITNEY,0,-29,-16
478,478,reported,2022-10-03 13:55:00+00:00,2022-10-04 01:55:00+00:00,2022-10-03 23:20:00+00:00,CAPELLA-3-WHITNEY,2022-10-04 07:10:00+00:00,CAPELLA-3-WHITNEY,0,70,171
479,479,reported,2022-10-03 14:03:00+00:00,2022-10-04 02:03:00+00:00,2022-10-03 15:06:00+00:00,CAPELLA-7-WHITNEY,2022-10-04 07:12:00+00:00,CAPELLA-7-WHITNEY,0,63,93
480,480,reported,2022-10-03 12:20:00+00:00,2022-10-04 00:20:00+00:00,2022-10-03 15:46:00+00:00,CAPELLA-3-WHITNEY,2022-10-04 07:10:00+00:00,CAPELLA-3-WHITNEY,0,7,-89
481,481,reported,2022-10-03 08:30:00+00:00,2022-10-03 20:30:00+00:00,2022-10-03 08:38:00+00:00,CAPELLA-8-WHITNEY,2022-10-04 06:02:00+00:00,CAPELLA-8-WHITNEY,0,-69,-144
482,482,reported,2022-10-03 12:11:00+00:00,2022-10-04 00:11:00+00:00,2022-10-03 15:50:00+00:00,CAPELLA-3-WHITNEY,2022-10-04 07:10:00+00:00,CAPELLA-3-WHITNEY,0,-12,-95
483,483,reported,2022-10-03 08:25:00+00:00,2022-10-03 20:25:00+00:00,2022-10-03 11:48:00+00:00,CAPELLA-3-WHITNEY,2022-10-04 07:10:00+00:00,CAPELLA-3-WHITNEY,0,-13,148
484,484,reported,2022-10-03 18:17:00+00:00,2022-10-04 06:17:00+00:00,2022-10-03 19:56:00+00:00,CAPELLA-7-WHITNEY,2022-10-04 07:12:00+00:00,CAPELLA-7-WHITNEY,0,72,-3
485,485,reported,2022-10-03 17:35:00+00:00,2022-10-04 05:35:00+00:00,2022-10-04 00:26:00+00:00,CAPELLA-7-WHITNEY,2022-10-04 07:12:00+00:00,CAPELLA-7-WHITNEY,0,19,-37
486,486,reported,2022-10-03 09:37:00+00:00,2022-10-03 21:37:00+00:00,2022-10-03 15:56:00+00:00,CAPELLA-3-WHITNEY,2022-10-04 07:10:00+00:00,CAPELLA-3-WHITNEY,0,-36,-101
487,487,reported,2022-10-03 17:33:00+00:00,2022-10-04 05:33:00+00:00,2022-10-03 18:08:00+00:00,CAPELLA-7-WHITNEY,2022-10-04 07:12:00+00:00,CAPELLA-7-WHITNEY,0,27,54
488,488,finished,2022-10-03 17:57:00+00:00,2022-10-04 05:57:00+00:00,2022-10-03 18:46:00+00:00,CAPELLA-6-WHITNEY,1900-01-01 00:00:00+00:00,Unreported,,12,112
489,489,reported,2022-10-03 14:05:00+00:00,2022-10-04 02:05:00+00:00,2022-10-04 00:06:00+00:00,CAPELLA-7-WHITNEY,2022-10-04 07:12:00+00:00,CAPELLA-7-WHITNEY,0,-61,-20
490,490,reported,2022-10-03 12:06:00+00:00,2022-10-04 00:06:00+00:00,2022-10-03 15:18:00+00:00,CAPELLA-7-WHITNEY,2022-10-04 07:12:00+00:00,CAPELLA-7-WHITNEY,0,72,-62
491,491,finished,2022-10-03 18:13:00+00:00,2022-10-04 06:13:00+00:00,2022-10-04 02:14:00+00:00,CAPELLA-6-WHITNEY,1900-01-01 00:00:00+00:00,Unreported,,-50,-128
492,492,finished,2022-10-03 10:05:00+00:00,2022-10-03 22:05:00+00:00,2022-10-03 11:36:00+00:00,CAPELLA-6-WHITNEY,1900-01-01 00:00:00+00:00,Unreported,,-23,43
493,493,reported,2022-10-03 12:03:00+00:00,2022-10-04 00:03:00+00:00,2022-10-03 12:38:00+00:00,CAPELLA-5-WHITNEY,2022-10-04 04:50:00+00:00,CAPELLA-5-WHITNEY,0,-30,-151
494,494,reported,2022-10-03 11:01:00+00:00,2022-10-03 23:01:00+00:00,2022-10-03 11:32:00+00:00,CAPELLA-1-DENALI,2022-10-04 06:28:00+00:00,CAPELLA-1-DENALI,0,78,51
495,495,reported,2022-10-03 12:21:00+00:00,2022-10-04 00:21:00+00:00,2022-10-03 21:38:00+00:00,CAPELLA-5-WHITNEY,2022-10-04 04:50:00+00:00,CAPELLA-5-WHITNEY,0,-54,-114
496,496,finished,2022-10-03 14:15:00+00:00,2022-10-04 02:15:00+00:00,1900-01-01 00:00:00+00:00,Undetected,1900-01-01 00:00:00+00:00,Unreported,,-1,-123
497,497,reported,2022-10-03 16:11:00+00:00,2022-10-04 04:11:00+00:00,2022-10-04 04:00:00+00:00,CAPELLA-3-WHITNEY,2022-10-04 07:10:00+00:00,CAPELLA-3-WHITNEY,0,72,112
498,498,reported,2022-10-03 15:23:00+00:00,2022-10-04 03:23:00+00:00,2022-10-03 20:20:00+00:00,CAPELLA-3-WHITNEY,2022-10-04 07:10:00+00:00,CAPELLA-3-WHITNEY,0,35,-156
499,499,finished,2022-10-03 17:17:00+00:00,2022-10-04 05:17:00+00:00,2022-10-03 19:38:00+00:00,CAPELLA-6-WHITNEY,1900-01-01 00:00:00+00:00,Unreported,,-25,-77
